agent,episode,score,reward,steps,valid_moves,invalid_attempts
Random,1,230,38.0,38,38,0
Random,2,10,5.0,14,14,0
Random,3,40,11.0,19,19,0
Random,4,10,3.5,11,11,0
Random,5,20,6.5,14,14,0
Random,6,10,0.5,8,8,0
Random,7,140,18.5,20,20,0
Random,8,90,9.0,14,14,0
Random,9,0,0.5,8,8,0
Random,10,70,15.0,20,20,0
Random,11,10,1.5,10,10,0
Random,12,630,69.5,47,47,0
Random,13,10,3.5,11,11,0
Random,14,10,6.0,16,16,0
Random,15,240,40.0,35,35,0
Random,16,60,12.0,19,19,0
Random,17,60,10.5,16,16,0
Random,18,0,2.0,11,11,0
Random,19,0,2.0,11,11,0
Random,20,30,7.0,14,14,0
Random,21,110,22.5,29,29,0
Random,22,0,0.5,8,8,0
Random,23,10,0.5,8,8,0
Random,24,0,0.5,8,8,0
Random,25,10,3.5,11,11,0
Random,26,30,8.0,16,16,0
Random,27,10,3.5,11,11,0
Random,28,10,3.5,11,11,0
Random,29,210,25.5,23,23,0
Random,30,200,29.0,29,29,0
Random,31,0,2.0,11,11,0
Random,32,240,31.5,29,29,0
Random,33,60,11.0,17,17,0
Random,34,20,6.5,14,14,0
Random,35,0,2.0,11,11,0
Random,36,40,10.0,17,17,0
Random,37,10,2.0,8,8,0
Random,38,20,6.5,14,14,0
Random,39,40,10.0,17,17,0
Random,40,300,44.0,41,41,0
Random,41,30,7.0,14,14,0
Random,42,0,0.5,8,8,0
Random,43,30,5.5,11,11,0
Random,44,30,7.0,14,14,0
Random,45,10,3.0,10,10,0
Random,46,10,3.5,11,11,0
Random,47,570,55.5,37,37,0
Random,48,0,2.0,11,11,0
Random,49,30,7.0,14,14,0
Random,50,150,22.5,23,23,0
Random,51,30,8.0,14,14,0
Random,52,160,28.0,29,29,0
Random,53,230,30.5,29,29,0
Random,54,60,11.0,17,17,0
Random,55,10,5.0,14,14,0
Random,56,20,7.5,16,16,0
Random,57,10,3.5,11,11,0
Random,58,0,-1.0,5,5,0
Random,59,100,10.5,16,16,0
Random,60,0,2.0,11,11,0
Random,61,0,0.5,8,8,0
Random,62,140,22.0,23,23,0
Random,63,80,13.0,17,17,0
Random,64,150,17.5,17,17,0
Random,65,100,15.0,17,17,0
Random,66,0,3.0,13,13,0
Random,67,280,31.5,28,28,0
Random,68,30,5.0,14,14,0
Random,69,660,60.5,38,38,0
Random,70,60,7.0,14,14,0
Random,71,40,12.5,20,20,0
Random,72,10,5.0,14,14,0
Random,73,170,29.5,29,29,0
Random,74,30,7.0,14,14,0
Random,75,220,26.0,23,23,0
Random,76,10,3.5,11,11,0
Random,77,60,9.5,14,14,0
Random,78,0,0.5,8,8,0
Random,79,10,5.0,14,14,0
Random,80,80,15.5,20,20,0
Random,81,0,0.5,8,8,0
Random,82,0,0.5,8,8,0
Random,83,170,25.0,26,26,0
Random,84,40,8.5,17,17,0
Random,85,0,2.0,11,11,0
Random,86,30,7.0,14,14,0
Random,87,40,10.0,17,17,0
Random,88,0,1.5,10,10,0
Random,89,190,33.0,34,34,0
Random,90,0,3.5,14,14,0
Random,91,0,2.0,11,11,0
Random,92,360,35.5,26,26,0
Random,93,0,0.5,8,8,0
Random,94,160,23.0,23,23,0
Random,95,10,5.0,14,14,0
Random,96,10,5.0,14,14,0
Random,97,260,40.0,38,38,0
Random,98,0,0.5,8,8,0
Random,99,0,2.0,11,11,0
Random,100,20,8.0,17,17,0
Random,101,0,0.5,8,8,0
Random,102,0,2.0,11,11,0
Random,103,30,8.5,17,17,0
Random,104,0,0.5,8,8,0
Random,105,0,3.0,13,13,0
Random,106,20,5.0,11,11,0
Random,107,430,38.5,23,23,0
Random,108,120,25.0,29,29,0
Random,109,10,1.5,10,10,0
Random,110,20,6.5,14,14,0
Random,111,10,0.5,8,8,0
Random,112,40,10.0,17,17,0
Random,113,0,0.5,8,8,0
Random,114,10,3.5,11,11,0
Random,115,0,0.5,8,8,0
Random,116,30,7.0,14,14,0
Random,117,130,20.5,23,23,0
Random,118,70,14.0,22,22,0
Random,119,30,9.0,16,16,0
Random,120,0,2.0,11,11,0
Random,121,30,5.5,11,11,0
Random,122,270,36.0,32,32,0
Random,123,20,5.0,14,14,0
Random,124,100,14.0,17,17,0
Random,125,90,14.5,17,17,0
Random,126,50,6.5,14,14,0
Random,127,0,2.0,11,11,0
Random,128,140,20.0,23,23,0
Random,129,0,0.5,8,8,0
Random,130,60,10.0,17,17,0
Random,131,10,3.5,11,11,0
Random,132,20,6.5,14,14,0
Random,133,60,11.0,17,17,0
Random,134,0,1.5,10,10,0
Random,135,10,3.5,11,11,0
Random,136,0,0.5,8,8,0
Random,137,0,2.0,11,11,0
Random,138,150,21.5,23,23,0
Random,139,0,0.5,8,8,0
Random,140,60,13.5,20,20,0
Random,141,0,0.5,8,8,0
Random,142,50,7.5,11,11,0
Random,143,0,0.5,8,8,0
Random,144,10,2.0,11,11,0
Random,145,50,11.0,16,16,0
Random,146,40,11.0,17,17,0
Random,147,140,22.0,23,23,0
Random,148,120,23.5,29,29,0
Random,149,0,-1.0,5,5,0
Random,150,100,20.5,26,26,0
Random,151,230,30.5,29,29,0
Random,152,10,0.5,8,8,0
Random,153,20,2.0,11,11,0
Random,154,50,12.0,20,20,0
Random,155,10,3.5,11,11,0
Random,156,250,31.0,26,26,0
Random,157,160,24.5,26,26,0
Random,158,0,0.5,8,8,0
Random,159,130,21.5,23,23,0
Random,160,140,22.0,23,23,0
Random,161,10,2.0,8,8,0
Random,162,10,3.5,11,11,0
Random,163,0,0.5,8,8,0
Random,164,60,13.5,20,20,0
Random,165,10,3.5,11,11,0
Random,166,20,6.5,14,14,0
Random,167,60,9.5,14,14,0
Random,168,0,0.5,8,8,0
Random,169,30,7.0,14,14,0
Random,170,0,0.5,8,8,0
Random,171,10,5.0,14,14,0
Random,172,0,0.5,8,8,0
Random,173,70,14.0,20,20,0
Random,174,70,14.5,19,19,0
Random,175,70,11.0,17,17,0
Random,176,200,27.0,25,25,0
Random,177,10,3.5,11,11,0
Random,178,390,45.5,35,35,0
Random,179,30,7.0,14,14,0
Random,180,30,8.5,17,17,0
Random,181,160,24.5,26,26,0
Random,182,150,23.5,23,23,0
Random,183,270,30.0,26,26,0
Random,184,0,0.5,8,8,0
Random,185,10,5.0,14,14,0
Random,186,30,3.5,11,11,0
Random,187,50,10.5,17,17,0
Random,188,10,3.5,11,11,0
Random,189,30,7.0,14,14,0
Random,190,10,3.5,11,11,0
Random,191,20,8.0,17,17,0
Random,192,10,5.0,14,14,0
Random,193,250,32.5,29,29,0
Random,194,10,0.5,8,8,0
Random,195,10,3.5,11,11,0
Random,196,100,14.0,17,17,0
Random,197,100,15.5,20,20,0
Random,198,60,11.0,17,17,0
Random,199,200,26.5,28,28,0
Random,200,150,20.5,23,23,0
Random,201,60,12.0,20,20,0
Random,202,130,15.5,17,17,0
Random,203,210,25.5,23,23,0
Random,204,0,0.5,8,8,0
Random,205,320,36.0,29,29,0
Random,206,30,6.0,13,13,0
Random,207,330,45.0,38,38,0
Random,208,90,13.5,17,17,0
Random,209,10,5.0,14,14,0
Random,210,70,12.5,17,17,0
Random,211,0,0.5,8,8,0
Random,212,60,9.5,14,14,0
Random,213,10,6.0,16,16,0
Random,214,0,3.0,13,13,0
Random,215,0,2.0,11,11,0
Random,216,0,1.5,10,10,0
Random,217,80,15.5,20,20,0
Random,218,30,5.5,11,11,0
Random,219,0,0.5,8,8,0
Random,220,10,2.0,8,8,0
Random,221,110,15.5,20,20,0
Random,222,160,18.5,23,23,0
Random,223,240,33.0,29,29,0
Random,224,90,18.0,22,22,0
Random,225,0,-1.0,5,5,0
Random,226,90,12.0,14,14,0
Random,227,10,3.5,11,11,0
Random,228,60,10.5,16,16,0
Random,229,0,0.5,8,8,0
Random,230,150,17.5,17,17,0
Random,231,50,12.0,20,20,0
Random,232,150,21.5,23,23,0
Random,233,10,5.0,14,14,0
Random,234,170,23.5,23,23,0
Random,235,10,3.5,11,11,0
Random,236,30,8.5,17,17,0
Random,237,40,11.0,17,17,0
Random,238,0,2.0,11,11,0
Random,239,70,10.0,17,17,0
Random,240,290,34.5,31,31,0
Random,241,10,3.0,13,13,0
Random,242,80,13.5,20,20,0
Random,243,0,0.5,8,8,0
Random,244,140,24.5,26,26,0
Random,245,0,0.5,8,8,0
Random,246,30,5.5,11,11,0
Random,247,20,6.5,14,14,0
Random,248,20,7.5,16,16,0
Random,249,20,5.0,14,14,0
Random,250,0,0.5,8,8,0
Random,251,360,49.0,41,41,0
Random,252,0,0.5,8,8,0
Random,253,10,3.5,11,11,0
Random,254,160,27.0,29,29,0
Random,255,10,3.5,11,11,0
Random,256,100,16.5,20,20,0
Random,257,290,39.0,32,32,0
Random,258,0,0.5,8,8,0
Random,259,10,3.5,11,11,0
Random,260,0,0.5,8,8,0
Random,261,40,10.0,17,17,0
Random,262,0,2.0,11,11,0
Random,263,200,22.5,20,20,0
Random,264,0,0.5,8,8,0
Random,265,150,13.5,16,16,0
Random,266,0,2.0,11,11,0
Random,267,30,9.5,17,17,0
Random,268,70,16.5,23,23,0
Random,269,30,7.0,14,14,0
Random,270,120,20.0,23,23,0
Random,271,0,2.0,11,11,0
Random,272,0,0.5,8,8,0
Random,273,10,5.0,14,14,0
Random,274,10,6.0,16,16,0
Random,275,40,8.5,17,17,0
Random,276,0,0.5,8,8,0
Random,277,10,5.0,14,14,0
Random,278,170,27.0,26,26,0
Random,279,10,2.0,11,11,0
Random,280,0,2.0,11,11,0
Random,281,60,11.0,17,17,0
Random,282,0,-1.0,5,5,0
Random,283,160,24.5,26,26,0
Random,284,280,35.0,31,31,0
Random,285,10,4.5,13,13,0
Random,286,10,5.0,14,14,0
Random,287,0,2.0,11,11,0
Random,288,0,0.5,8,8,0
Random,289,180,29.0,29,29,0
Random,290,90,17.5,23,23,0
Random,291,540,64.0,47,47,0
Random,292,10,3.0,13,13,0
Random,293,0,0.5,8,8,0
Random,294,220,28.5,26,26,0
Random,295,50,9.0,14,14,0
Random,296,280,32.0,29,29,0
Random,297,0,-1.0,5,5,0
Random,298,30,7.0,14,14,0
Random,299,0,2.0,11,11,0
Random,300,0,2.0,11,11,0
Random,301,10,3.5,11,11,0
Random,302,90,12.0,14,14,0
Random,303,0,1.5,10,10,0
Random,304,0,2.0,11,11,0
Random,305,60,9.5,14,14,0
Random,306,0,0.5,8,8,0
Random,307,30,8.5,17,17,0
Random,308,0,2.0,11,11,0
Random,309,40,8.5,14,14,0
Random,310,20,5.0,11,11,0
Random,311,0,2.0,11,11,0
Random,312,100,16.0,19,19,0
Random,313,60,13.5,20,20,0
Random,314,200,29.0,29,29,0
Random,315,10,0.5,8,8,0
Random,316,10,4.5,13,13,0
Random,317,10,3.5,11,11,0
Random,318,600,64.5,44,44,0
Random,319,30,3.5,11,11,0
Random,320,60,12.0,17,17,0
Random,321,320,42.0,35,35,0
Random,322,250,34.0,32,32,0
Random,323,130,15.5,17,17,0
Random,324,30,3.5,11,11,0
Random,325,0,2.0,11,11,0
Random,326,80,16.5,20,20,0
Random,327,100,12.5,20,20,0
Random,328,30,7.0,14,14,0
Random,329,10,3.5,11,11,0
Random,330,170,26.5,29,29,0
Random,331,100,14.0,17,17,0
Random,332,60,12.0,17,17,0
Random,333,30,7.0,14,14,0
Random,334,280,33.5,28,28,0
Random,335,0,2.0,11,11,0
Random,336,10,3.5,11,11,0
Random,337,60,12.0,17,17,0
Random,338,100,19.0,23,23,0
Random,339,130,29.0,34,34,0
Random,340,90,19.5,26,26,0
Random,341,0,0.5,8,8,0
Random,342,360,44.0,35,35,0
Random,343,0,0.5,8,8,0
Random,344,0,2.0,11,11,0
Random,345,10,5.0,14,14,0
Random,346,20,6.0,13,13,0
Random,347,350,39.0,32,32,0
Random,348,30,9.5,17,17,0
Random,349,190,26.5,29,29,0
Random,350,260,34.0,29,29,0
Random,351,0,0.5,8,8,0
Random,352,130,22.5,25,25,0
Random,353,130,20.5,23,23,0
Random,354,10,2.0,11,11,0
Random,355,0,0.5,8,8,0
Random,356,50,11.5,17,17,0
Random,357,30,7.0,14,14,0
Random,358,150,19.0,20,20,0
Random,359,20,8.0,17,17,0
Random,360,100,15.5,20,20,0
Random,361,30,7.0,14,14,0
Random,362,100,20.5,26,26,0
Random,363,10,2.0,8,8,0
Random,364,0,2.0,11,11,0
Random,365,200,18.5,20,20,0
Random,366,540,61.0,44,44,0
Random,367,170,25.0,26,26,0
Random,368,0,0.5,8,8,0
Random,369,150,24.0,26,26,0
Random,370,0,-1.0,5,5,0
Random,371,0,0.5,8,8,0
Random,372,140,18.5,20,20,0
Random,373,70,12.5,17,17,0
Random,374,80,15.0,19,19,0
Random,375,0,0.5,8,8,0
Random,376,0,2.0,11,11,0
Random,377,40,8.5,14,14,0
Random,378,30,7.0,14,14,0
Random,379,10,2.0,8,8,0
Random,380,30,7.0,14,14,0
Random,381,0,0.5,8,8,0
Random,382,0,1.5,10,10,0
Random,383,0,2.0,11,11,0
Random,384,60,10.0,17,17,0
Random,385,30,9.5,17,17,0
Random,386,20,6.5,14,14,0
Random,387,0,0.5,8,8,0
Random,388,260,27.5,22,22,0
Random,389,0,0.5,8,8,0
Random,390,0,0.5,8,8,0
Random,391,150,21.5,23,23,0
Random,392,40,10.0,17,17,0
Random,393,10,3.5,11,11,0
Random,394,170,24.5,26,26,0
Random,395,100,19.0,23,23,0
Random,396,0,2.0,11,11,0
Random,397,70,11.0,14,14,0
Random,398,200,29.0,29,29,0
Random,399,450,47.5,35,35,0
Random,400,60,11.0,17,17,0
Random,401,150,20.0,22,22,0
Random,402,80,15.5,20,20,0
Random,403,150,19.0,20,20,0
Random,404,220,32.0,29,29,0
Random,405,840,79.0,47,47,0
Random,406,190,22.0,20,20,0
Random,407,130,18.0,20,20,0
Random,408,40,10.0,17,17,0
Random,409,100,14.0,17,17,0
Random,410,50,10.0,17,17,0
Random,411,50,11.5,17,17,0
Random,412,10,2.0,8,8,0
Random,413,80,15.5,20,20,0
Random,414,0,-1.0,5,5,0
Random,415,0,-1.0,5,5,0
Random,416,0,2.0,11,11,0
Random,417,0,2.0,11,11,0
Random,418,300,48.5,44,44,0
Random,419,0,2.0,11,11,0
Random,420,10,4.5,13,13,0
Random,421,10,3.5,11,11,0
Random,422,10,0.5,8,8,0
Random,423,0,0.5,8,8,0
Random,424,10,2.0,11,11,0
Random,425,0,2.0,11,11,0
Random,426,10,3.5,11,11,0
Random,427,0,0.5,8,8,0
Random,428,20,6.5,14,14,0
Random,429,20,5.0,11,11,0
Random,430,0,0.5,8,8,0
Random,431,290,38.0,32,32,0
Random,432,70,12.5,17,17,0
Random,433,0,0.5,8,8,0
Random,434,10,3.5,11,11,0
Random,435,40,10.0,17,17,0
Random,436,10,3.5,11,11,0
Random,437,0,2.0,11,11,0
Random,438,10,3.5,11,11,0
Random,439,0,2.0,11,11,0
Random,440,0,2.0,11,11,0
Random,441,90,14.5,17,17,0
Random,442,10,2.0,11,11,0
Random,443,0,0.5,8,8,0
Random,444,0,0.5,8,8,0
Random,445,50,9.0,14,14,0
Random,446,150,21.0,20,20,0
Random,447,120,15.5,20,20,0
Random,448,0,-1.0,5,5,0
Random,449,30,7.0,14,14,0
Random,450,70,11.5,17,17,0
Random,451,40,10.0,17,17,0
Random,452,220,28.5,26,26,0
Random,453,30,7.0,14,14,0
Random,454,20,6.5,14,14,0
Random,455,0,2.0,11,11,0
Random,456,0,2.0,11,11,0
Random,457,20,8.0,17,17,0
Random,458,10,2.0,11,11,0
Random,459,10,2.0,11,11,0
Random,460,0,0.5,8,8,0
Random,461,650,75.5,53,53,0
Random,462,0,2.0,11,11,0
Random,463,10,3.5,11,11,0
Random,464,0,2.0,11,11,0
Random,465,10,3.5,11,11,0
Random,466,0,2.0,11,11,0
Random,467,290,33.5,29,29,0
Random,468,90,15.0,20,20,0
Random,469,120,20.0,23,23,0
Random,470,10,2.0,11,11,0
Random,471,50,9.5,17,17,0
Random,472,70,13.5,20,20,0
Random,473,30,8.0,17,17,0
Random,474,10,3.5,11,11,0
Random,475,10,5.0,14,14,0
Random,476,30,6.5,13,13,0
Random,477,0,0.5,8,8,0
Random,478,30,5.5,11,11,0
Random,479,100,16.5,20,20,0
Random,480,190,34.5,35,35,0
Random,481,70,15.0,20,20,0
Random,482,0,0.5,8,8,0
Random,483,90,16.5,23,23,0
Random,484,80,15.5,20,20,0
Random,485,0,1.5,10,10,0
Random,486,30,7.0,14,14,0
Random,487,0,0.5,8,8,0
Random,488,90,18.5,23,23,0
Random,489,0,2.0,11,11,0
Random,490,70,12.5,17,17,0
Random,491,60,13.5,20,20,0
Random,492,20,7.5,16,16,0
Random,493,80,15.5,20,20,0
Random,494,10,3.5,11,11,0
Random,495,40,9.5,16,16,0
Random,496,300,48.0,43,43,0
Random,497,30,6.5,14,14,0
Random,498,0,2.0,11,11,0
Random,499,50,10.5,17,17,0
Random,500,20,6.5,14,14,0
PPO,1,0,-500.0,1000,0,1000
PPO,2,0,-500.0,1000,0,1000
PPO,3,0,-500.0,1000,0,1000
PPO,4,0,-500.0,1000,0,1000
PPO,5,0,-500.0,1000,0,1000
PPO,6,0,-500.0,1000,0,1000
PPO,7,0,-500.0,1000,0,1000
PPO,8,0,-500.0,1000,0,1000
PPO,9,0,-500.0,1000,0,1000
PPO,10,0,-500.0,1000,0,1000
PPO,11,0,-500.0,1000,0,1000
PPO,12,0,-500.0,1000,0,1000
PPO,13,0,-500.0,1000,0,1000
PPO,14,0,-500.0,1000,0,1000
PPO,15,0,-500.0,1000,0,1000
PPO,16,0,-500.0,1000,0,1000
PPO,17,0,-500.0,1000,0,1000
PPO,18,0,-500.0,1000,0,1000
PPO,19,0,-500.0,1000,0,1000
PPO,20,0,-500.0,1000,0,1000
PPO,21,0,-500.0,1000,0,1000
PPO,22,0,-500.0,1000,0,1000
PPO,23,0,-500.0,1000,0,1000
PPO,24,0,-500.0,1000,0,1000
PPO,25,0,-500.0,1000,0,1000
PPO,26,0,-500.0,1000,0,1000
PPO,27,0,-500.0,1000,0,1000
PPO,28,0,-500.0,1000,0,1000
PPO,29,0,-500.0,1000,0,1000
PPO,30,0,-500.0,1000,0,1000
PPO,31,0,-500.0,1000,0,1000
PPO,32,0,-500.0,1000,0,1000
PPO,33,0,-500.0,1000,0,1000
PPO,34,0,-500.0,1000,0,1000
PPO,35,0,-500.0,1000,0,1000
PPO,36,0,-500.0,1000,0,1000
PPO,37,0,-500.0,1000,0,1000
PPO,38,0,-500.0,1000,0,1000
PPO,39,0,-500.0,1000,0,1000
PPO,40,0,-500.0,1000,0,1000
PPO,41,0,-500.0,1000,0,1000
PPO,42,0,-500.0,1000,0,1000
PPO,43,0,-500.0,1000,0,1000
PPO,44,0,-500.0,1000,0,1000
PPO,45,0,-500.0,1000,0,1000
PPO,46,0,-500.0,1000,0,1000
PPO,47,0,-500.0,1000,0,1000
PPO,48,0,-500.0,1000,0,1000
PPO,49,0,-500.0,1000,0,1000
PPO,50,0,-500.0,1000,0,1000
PPO,51,0,-500.0,1000,0,1000
PPO,52,0,-500.0,1000,0,1000
PPO,53,0,-500.0,1000,0,1000
PPO,54,0,-500.0,1000,0,1000
PPO,55,0,-500.0,1000,0,1000
PPO,56,0,-500.0,1000,0,1000
PPO,57,0,-500.0,1000,0,1000
PPO,58,0,-500.0,1000,0,1000
PPO,59,0,-500.0,1000,0,1000
PPO,60,0,-500.0,1000,0,1000
PPO,61,0,-500.0,1000,0,1000
PPO,62,0,-500.0,1000,0,1000
PPO,63,0,-500.0,1000,0,1000
PPO,64,0,-500.0,1000,0,1000
PPO,65,0,-500.0,1000,0,1000
PPO,66,0,-500.0,1000,0,1000
PPO,67,0,-500.0,1000,0,1000
PPO,68,0,-500.0,1000,0,1000
PPO,69,0,-500.0,1000,0,1000
PPO,70,0,-500.0,1000,0,1000
PPO,71,0,-500.0,1000,0,1000
PPO,72,0,-500.0,1000,0,1000
PPO,73,0,-500.0,1000,0,1000
PPO,74,0,-500.0,1000,0,1000
PPO,75,0,-500.0,1000,0,1000
PPO,76,0,-500.0,1000,0,1000
PPO,77,0,-500.0,1000,0,1000
PPO,78,0,-500.0,1000,0,1000
PPO,79,0,-500.0,1000,0,1000
PPO,80,0,-500.0,1000,0,1000
PPO,81,0,-500.0,1000,0,1000
PPO,82,0,-500.0,1000,0,1000
PPO,83,0,-500.0,1000,0,1000
PPO,84,0,-500.0,1000,0,1000
PPO,85,0,-500.0,1000,0,1000
PPO,86,0,-500.0,1000,0,1000
PPO,87,0,-500.0,1000,0,1000
PPO,88,0,-500.0,1000,0,1000
PPO,89,0,-500.0,1000,0,1000
PPO,90,0,-500.0,1000,0,1000
PPO,91,0,-500.0,1000,0,1000
PPO,92,0,-500.0,1000,0,1000
PPO,93,0,-500.0,1000,0,1000
PPO,94,0,-500.0,1000,0,1000
PPO,95,0,-500.0,1000,0,1000
PPO,96,0,-500.0,1000,0,1000
PPO,97,0,-500.0,1000,0,1000
PPO,98,0,-500.0,1000,0,1000
PPO,99,0,-500.0,1000,0,1000
PPO,100,0,-500.0,1000,0,1000
PPO,101,0,-500.0,1000,0,1000
PPO,102,0,-500.0,1000,0,1000
PPO,103,0,-500.0,1000,0,1000
PPO,104,0,-500.0,1000,0,1000
PPO,105,0,-500.0,1000,0,1000
PPO,106,0,-500.0,1000,0,1000
PPO,107,0,-500.0,1000,0,1000
PPO,108,0,-500.0,1000,0,1000
PPO,109,0,-500.0,1000,0,1000
PPO,110,0,-500.0,1000,0,1000
PPO,111,0,-500.0,1000,0,1000
PPO,112,0,-500.0,1000,0,1000
PPO,113,0,-500.0,1000,0,1000
PPO,114,0,-500.0,1000,0,1000
PPO,115,0,-500.0,1000,0,1000
PPO,116,0,-500.0,1000,0,1000
PPO,117,0,-500.0,1000,0,1000
PPO,118,0,-500.0,1000,0,1000
PPO,119,0,-500.0,1000,0,1000
PPO,120,0,-500.0,1000,0,1000
PPO,121,0,-500.0,1000,0,1000
PPO,122,0,-500.0,1000,0,1000
PPO,123,0,-500.0,1000,0,1000
PPO,124,0,-500.0,1000,0,1000
PPO,125,0,-500.0,1000,0,1000
PPO,126,0,-500.0,1000,0,1000
PPO,127,0,-500.0,1000,0,1000
PPO,128,0,-500.0,1000,0,1000
PPO,129,0,-500.0,1000,0,1000
PPO,130,0,-500.0,1000,0,1000
PPO,131,0,-500.0,1000,0,1000
PPO,132,0,-500.0,1000,0,1000
PPO,133,0,-500.0,1000,0,1000
PPO,134,0,-500.0,1000,0,1000
PPO,135,0,-500.0,1000,0,1000
PPO,136,0,-500.0,1000,0,1000
PPO,137,0,-500.0,1000,0,1000
PPO,138,0,-500.0,1000,0,1000
PPO,139,0,-500.0,1000,0,1000
PPO,140,0,-500.0,1000,0,1000
PPO,141,0,-500.0,1000,0,1000
PPO,142,0,-500.0,1000,0,1000
PPO,143,0,-500.0,1000,0,1000
PPO,144,0,-500.0,1000,0,1000
PPO,145,0,-500.0,1000,0,1000
PPO,146,0,-500.0,1000,0,1000
PPO,147,0,-500.0,1000,0,1000
PPO,148,0,-500.0,1000,0,1000
PPO,149,0,-500.0,1000,0,1000
PPO,150,0,-500.0,1000,0,1000
PPO,151,0,-500.0,1000,0,1000
PPO,152,0,-500.0,1000,0,1000
PPO,153,0,-500.0,1000,0,1000
PPO,154,0,-500.0,1000,0,1000
PPO,155,0,-500.0,1000,0,1000
PPO,156,0,-500.0,1000,0,1000
PPO,157,0,-500.0,1000,0,1000
PPO,158,0,-500.0,1000,0,1000
PPO,159,0,-500.0,1000,0,1000
PPO,160,0,-500.0,1000,0,1000
PPO,161,0,-500.0,1000,0,1000
PPO,162,0,-500.0,1000,0,1000
PPO,163,0,-500.0,1000,0,1000
PPO,164,0,-500.0,1000,0,1000
PPO,165,0,-500.0,1000,0,1000
PPO,166,0,-500.0,1000,0,1000
PPO,167,0,-500.0,1000,0,1000
PPO,168,0,-500.0,1000,0,1000
PPO,169,0,-500.0,1000,0,1000
PPO,170,0,-500.0,1000,0,1000
PPO,171,0,-500.0,1000,0,1000
PPO,172,0,-500.0,1000,0,1000
PPO,173,0,-500.0,1000,0,1000
PPO,174,0,-500.0,1000,0,1000
PPO,175,0,-500.0,1000,0,1000
PPO,176,0,-500.0,1000,0,1000
PPO,177,0,-500.0,1000,0,1000
PPO,178,0,-500.0,1000,0,1000
PPO,179,0,-500.0,1000,0,1000
PPO,180,0,-500.0,1000,0,1000
PPO,181,0,-500.0,1000,0,1000
PPO,182,0,-500.0,1000,0,1000
PPO,183,0,-500.0,1000,0,1000
PPO,184,0,-500.0,1000,0,1000
PPO,185,0,-500.0,1000,0,1000
PPO,186,0,-500.0,1000,0,1000
PPO,187,0,-500.0,1000,0,1000
PPO,188,0,-500.0,1000,0,1000
PPO,189,0,-500.0,1000,0,1000
PPO,190,0,-500.0,1000,0,1000
PPO,191,0,-500.0,1000,0,1000
PPO,192,0,-500.0,1000,0,1000
PPO,193,0,-500.0,1000,0,1000
PPO,194,0,-500.0,1000,0,1000
PPO,195,0,-500.0,1000,0,1000
PPO,196,0,-500.0,1000,0,1000
PPO,197,0,-500.0,1000,0,1000
PPO,198,0,-500.0,1000,0,1000
PPO,199,0,-500.0,1000,0,1000
PPO,200,0,-500.0,1000,0,1000
PPO,201,0,-500.0,1000,0,1000
PPO,202,0,-500.0,1000,0,1000
PPO,203,0,-500.0,1000,0,1000
PPO,204,0,-500.0,1000,0,1000
PPO,205,0,-500.0,1000,0,1000
PPO,206,0,-500.0,1000,0,1000
PPO,207,0,-500.0,1000,0,1000
PPO,208,0,-500.0,1000,0,1000
PPO,209,0,-500.0,1000,0,1000
PPO,210,0,-500.0,1000,0,1000
PPO,211,0,-500.0,1000,0,1000
PPO,212,0,-500.0,1000,0,1000
PPO,213,0,-500.0,1000,0,1000
PPO,214,0,-500.0,1000,0,1000
PPO,215,0,-500.0,1000,0,1000
PPO,216,0,-500.0,1000,0,1000
PPO,217,0,-500.0,1000,0,1000
PPO,218,0,-500.0,1000,0,1000
PPO,219,0,-500.0,1000,0,1000
PPO,220,0,-500.0,1000,0,1000
PPO,221,0,-500.0,1000,0,1000
PPO,222,0,-500.0,1000,0,1000
PPO,223,0,-500.0,1000,0,1000
PPO,224,0,-500.0,1000,0,1000
PPO,225,0,-500.0,1000,0,1000
PPO,226,0,-500.0,1000,0,1000
PPO,227,0,-499.0,1000,1,999
PPO,228,0,-500.0,1000,0,1000
PPO,229,0,-500.0,1000,0,1000
PPO,230,0,-500.0,1000,0,1000
PPO,231,0,-500.0,1000,0,1000
PPO,232,0,-500.0,1000,0,1000
PPO,233,0,-500.0,1000,0,1000
PPO,234,0,-500.0,1000,0,1000
PPO,235,0,-500.0,1000,0,1000
PPO,236,0,-500.0,1000,0,1000
PPO,237,0,-500.0,1000,0,1000
PPO,238,0,-500.0,1000,0,1000
PPO,239,0,-500.0,1000,0,1000
PPO,240,0,-500.0,1000,0,1000
PPO,241,0,-500.0,1000,0,1000
PPO,242,0,-500.0,1000,0,1000
PPO,243,0,-500.0,1000,0,1000
PPO,244,0,-500.0,1000,0,1000
PPO,245,0,-500.0,1000,0,1000
PPO,246,0,-500.0,1000,0,1000
PPO,247,0,-500.0,1000,0,1000
PPO,248,0,-500.0,1000,0,1000
PPO,249,0,-500.0,1000,0,1000
PPO,250,0,-500.0,1000,0,1000
PPO,251,0,-500.0,1000,0,1000
PPO,252,0,-500.0,1000,0,1000
PPO,253,0,-500.0,1000,0,1000
PPO,254,0,-500.0,1000,0,1000
PPO,255,0,-500.0,1000,0,1000
PPO,256,0,-500.0,1000,0,1000
PPO,257,0,-500.0,1000,0,1000
PPO,258,0,-500.0,1000,0,1000
PPO,259,0,-500.0,1000,0,1000
PPO,260,0,-500.0,1000,0,1000
PPO,261,0,-500.0,1000,0,1000
PPO,262,0,-500.0,1000,0,1000
PPO,263,0,-500.0,1000,0,1000
PPO,264,0,-500.0,1000,0,1000
PPO,265,0,-500.0,1000,0,1000
PPO,266,0,-500.0,1000,0,1000
PPO,267,0,-500.0,1000,0,1000
PPO,268,0,-500.0,1000,0,1000
PPO,269,0,-500.0,1000,0,1000
PPO,270,0,-500.0,1000,0,1000
PPO,271,0,-500.0,1000,0,1000
PPO,272,0,-500.0,1000,0,1000
PPO,273,0,-500.0,1000,0,1000
PPO,274,0,-500.0,1000,0,1000
PPO,275,0,-500.0,1000,0,1000
PPO,276,0,-500.0,1000,0,1000
PPO,277,0,-500.0,1000,0,1000
PPO,278,0,-500.0,1000,0,1000
PPO,279,0,-500.0,1000,0,1000
PPO,280,0,-500.0,1000,0,1000
PPO,281,0,-500.0,1000,0,1000
PPO,282,0,-500.0,1000,0,1000
PPO,283,0,-500.0,1000,0,1000
PPO,284,0,-500.0,1000,0,1000
PPO,285,0,-500.0,1000,0,1000
PPO,286,0,-500.0,1000,0,1000
PPO,287,0,-500.0,1000,0,1000
PPO,288,0,-500.0,1000,0,1000
PPO,289,0,-500.0,1000,0,1000
PPO,290,0,-500.0,1000,0,1000
PPO,291,0,-500.0,1000,0,1000
PPO,292,0,-500.0,1000,0,1000
PPO,293,0,-500.0,1000,0,1000
PPO,294,0,-500.0,1000,0,1000
PPO,295,0,-500.0,1000,0,1000
PPO,296,0,-500.0,1000,0,1000
PPO,297,0,-500.0,1000,0,1000
PPO,298,0,-500.0,1000,0,1000
PPO,299,0,-500.0,1000,0,1000
PPO,300,0,-500.0,1000,0,1000
PPO,301,0,-500.0,1000,0,1000
PPO,302,0,-500.0,1000,0,1000
PPO,303,0,-500.0,1000,0,1000
PPO,304,0,-500.0,1000,0,1000
PPO,305,0,-500.0,1000,0,1000
PPO,306,0,-500.0,1000,0,1000
PPO,307,0,-500.0,1000,0,1000
PPO,308,0,-500.0,1000,0,1000
PPO,309,0,-500.0,1000,0,1000
PPO,310,0,-500.0,1000,0,1000
PPO,311,0,-500.0,1000,0,1000
PPO,312,0,-500.0,1000,0,1000
PPO,313,0,-500.0,1000,0,1000
PPO,314,0,-500.0,1000,0,1000
PPO,315,0,-500.0,1000,0,1000
PPO,316,0,-500.0,1000,0,1000
PPO,317,0,-500.0,1000,0,1000
PPO,318,0,-500.0,1000,0,1000
PPO,319,0,-500.0,1000,0,1000
PPO,320,0,-500.0,1000,0,1000
PPO,321,0,-500.0,1000,0,1000
PPO,322,0,-500.0,1000,0,1000
PPO,323,0,-500.0,1000,0,1000
PPO,324,0,-500.0,1000,0,1000
PPO,325,0,-500.0,1000,0,1000
PPO,326,0,-500.0,1000,0,1000
PPO,327,0,-500.0,1000,0,1000
PPO,328,0,-500.0,1000,0,1000
PPO,329,0,-500.0,1000,0,1000
PPO,330,0,-500.0,1000,0,1000
PPO,331,0,-500.0,1000,0,1000
PPO,332,0,-500.0,1000,0,1000
PPO,333,0,-500.0,1000,0,1000
PPO,334,0,-500.0,1000,0,1000
PPO,335,0,-500.0,1000,0,1000
PPO,336,0,-500.0,1000,0,1000
PPO,337,0,-500.0,1000,0,1000
PPO,338,0,-500.0,1000,0,1000
PPO,339,0,-500.0,1000,0,1000
PPO,340,0,-500.0,1000,0,1000
PPO,341,0,-500.0,1000,0,1000
PPO,342,0,-500.0,1000,0,1000
PPO,343,0,-500.0,1000,0,1000
PPO,344,0,-500.0,1000,0,1000
PPO,345,0,-500.0,1000,0,1000
PPO,346,0,-500.0,1000,0,1000
PPO,347,0,-500.0,1000,0,1000
PPO,348,0,-500.0,1000,0,1000
PPO,349,0,-500.0,1000,0,1000
PPO,350,0,-500.0,1000,0,1000
PPO,351,0,-500.0,1000,0,1000
PPO,352,0,-500.0,1000,0,1000
PPO,353,0,-500.0,1000,0,1000
PPO,354,0,-500.0,1000,0,1000
PPO,355,0,-500.0,1000,0,1000
PPO,356,0,-500.0,1000,0,1000
PPO,357,0,-500.0,1000,0,1000
PPO,358,0,-500.0,1000,0,1000
PPO,359,0,-500.0,1000,0,1000
PPO,360,0,-500.0,1000,0,1000
PPO,361,0,-500.0,1000,0,1000
PPO,362,0,-500.0,1000,0,1000
PPO,363,0,-500.0,1000,0,1000
PPO,364,0,-500.0,1000,0,1000
PPO,365,0,-500.0,1000,0,1000
PPO,366,0,-500.0,1000,0,1000
PPO,367,0,-500.0,1000,0,1000
PPO,368,0,-500.0,1000,0,1000
PPO,369,0,-500.0,1000,0,1000
PPO,370,0,-500.0,1000,0,1000
PPO,371,0,-500.0,1000,0,1000
PPO,372,0,-500.0,1000,0,1000
PPO,373,0,-500.0,1000,0,1000
PPO,374,0,-500.0,1000,0,1000
PPO,375,0,-500.0,1000,0,1000
PPO,376,0,-500.0,1000,0,1000
PPO,377,0,-500.0,1000,0,1000
PPO,378,0,-500.0,1000,0,1000
PPO,379,0,-500.0,1000,0,1000
PPO,380,0,-500.0,1000,0,1000
PPO,381,0,-500.0,1000,0,1000
PPO,382,0,-500.0,1000,0,1000
PPO,383,0,-500.0,1000,0,1000
PPO,384,0,-500.0,1000,0,1000
PPO,385,0,-500.0,1000,0,1000
PPO,386,0,-500.0,1000,0,1000
PPO,387,0,-500.0,1000,0,1000
PPO,388,0,-500.0,1000,0,1000
PPO,389,0,-500.0,1000,0,1000
PPO,390,0,-500.0,1000,0,1000
PPO,391,0,-500.0,1000,0,1000
PPO,392,0,-500.0,1000,0,1000
PPO,393,0,-500.0,1000,0,1000
PPO,394,0,-500.0,1000,0,1000
PPO,395,0,-500.0,1000,0,1000
PPO,396,0,-500.0,1000,0,1000
PPO,397,0,-500.0,1000,0,1000
PPO,398,0,-500.0,1000,0,1000
PPO,399,0,-500.0,1000,0,1000
PPO,400,0,-500.0,1000,0,1000
PPO,401,0,-500.0,1000,0,1000
PPO,402,0,-500.0,1000,0,1000
PPO,403,0,-500.0,1000,0,1000
PPO,404,0,-500.0,1000,0,1000
PPO,405,0,-500.0,1000,0,1000
PPO,406,0,-500.0,1000,0,1000
PPO,407,0,-500.0,1000,0,1000
PPO,408,0,-500.0,1000,0,1000
PPO,409,0,-500.0,1000,0,1000
PPO,410,0,-500.0,1000,0,1000
PPO,411,0,-500.0,1000,0,1000
PPO,412,0,-500.0,1000,0,1000
PPO,413,0,-500.0,1000,0,1000
PPO,414,0,-500.0,1000,0,1000
PPO,415,0,-500.0,1000,0,1000
PPO,416,0,-500.0,1000,0,1000
PPO,417,0,-500.0,1000,0,1000
PPO,418,0,-500.0,1000,0,1000
PPO,419,0,-500.0,1000,0,1000
PPO,420,0,-500.0,1000,0,1000
PPO,421,0,-500.0,1000,0,1000
PPO,422,0,-500.0,1000,0,1000
PPO,423,0,-500.0,1000,0,1000
PPO,424,0,-500.0,1000,0,1000
PPO,425,0,-500.0,1000,0,1000
PPO,426,0,-500.0,1000,0,1000
PPO,427,0,-500.0,1000,0,1000
PPO,428,0,-500.0,1000,0,1000
PPO,429,0,-500.0,1000,0,1000
PPO,430,0,-500.0,1000,0,1000
PPO,431,0,-500.0,1000,0,1000
PPO,432,0,-500.0,1000,0,1000
PPO,433,0,-500.0,1000,0,1000
PPO,434,0,-500.0,1000,0,1000
PPO,435,0,-500.0,1000,0,1000
PPO,436,0,-500.0,1000,0,1000
PPO,437,0,-500.0,1000,0,1000
PPO,438,0,-500.0,1000,0,1000
PPO,439,0,-500.0,1000,0,1000
PPO,440,0,-500.0,1000,0,1000
PPO,441,0,-500.0,1000,0,1000
PPO,442,0,-500.0,1000,0,1000
PPO,443,0,-500.0,1000,0,1000
PPO,444,0,-499.0,1000,1,999
PPO,445,0,-500.0,1000,0,1000
PPO,446,0,-500.0,1000,0,1000
PPO,447,0,-500.0,1000,0,1000
PPO,448,0,-500.0,1000,0,1000
PPO,449,0,-500.0,1000,0,1000
PPO,450,0,-500.0,1000,0,1000
PPO,451,0,-500.0,1000,0,1000
PPO,452,0,-500.0,1000,0,1000
PPO,453,0,-500.0,1000,0,1000
PPO,454,0,-500.0,1000,0,1000
PPO,455,0,-500.0,1000,0,1000
PPO,456,0,-500.0,1000,0,1000
PPO,457,0,-500.0,1000,0,1000
PPO,458,0,-500.0,1000,0,1000
PPO,459,0,-500.0,1000,0,1000
PPO,460,0,-500.0,1000,0,1000
PPO,461,0,-500.0,1000,0,1000
PPO,462,0,-500.0,1000,0,1000
PPO,463,0,-500.0,1000,0,1000
PPO,464,0,-500.0,1000,0,1000
PPO,465,0,-500.0,1000,0,1000
PPO,466,0,-500.0,1000,0,1000
PPO,467,0,-500.0,1000,0,1000
PPO,468,0,-500.0,1000,0,1000
PPO,469,0,-500.0,1000,0,1000
PPO,470,0,-500.0,1000,0,1000
PPO,471,0,-500.0,1000,0,1000
PPO,472,0,-500.0,1000,0,1000
PPO,473,0,-500.0,1000,0,1000
PPO,474,0,-500.0,1000,0,1000
PPO,475,0,-500.0,1000,0,1000
PPO,476,0,-500.0,1000,0,1000
PPO,477,0,-500.0,1000,0,1000
PPO,478,0,-500.0,1000,0,1000
PPO,479,0,-500.0,1000,0,1000
PPO,480,0,-500.0,1000,0,1000
PPO,481,0,-500.0,1000,0,1000
PPO,482,0,-500.0,1000,0,1000
PPO,483,0,-500.0,1000,0,1000
PPO,484,0,-500.0,1000,0,1000
PPO,485,0,-500.0,1000,0,1000
PPO,486,0,-500.0,1000,0,1000
PPO,487,0,-500.0,1000,0,1000
PPO,488,0,-500.0,1000,0,1000
PPO,489,0,-500.0,1000,0,1000
PPO,490,0,-500.0,1000,0,1000
PPO,491,0,-500.0,1000,0,1000
PPO,492,0,-500.0,1000,0,1000
PPO,493,0,-500.0,1000,0,1000
PPO,494,0,-500.0,1000,0,1000
PPO,495,0,-500.0,1000,0,1000
PPO,496,0,-500.0,1000,0,1000
PPO,497,0,-500.0,1000,0,1000
PPO,498,0,-500.0,1000,0,1000
PPO,499,0,-500.0,1000,0,1000
PPO,500,0,-500.0,1000,0,1000
DQN,1,0,-497.0,1000,3,997
DQN,2,0,-497.0,1000,3,997
DQN,3,0,-496.0,1000,4,996
DQN,4,0,-496.0,1000,4,996
DQN,5,0,-496.0,1000,4,996
DQN,6,0,-494.0,1000,6,994
DQN,7,0,-495.0,1000,5,995
DQN,8,0,-497.0,1000,3,997
DQN,9,0,-497.0,1000,3,997
DQN,10,0,-493.0,1000,7,993
DQN,11,0,-497.0,1000,3,997
DQN,12,0,-496.0,1000,4,996
DQN,13,0,-497.0,1000,3,997
DQN,14,0,-497.0,1000,3,997
DQN,15,0,-494.0,1000,6,994
DQN,16,0,-497.0,1000,3,997
DQN,17,0,-496.0,1000,4,996
DQN,18,0,-496.0,1000,4,996
DQN,19,0,-498.0,1000,2,998
DQN,20,0,-497.0,1000,3,997
DQN,21,0,-497.0,1000,3,997
DQN,22,0,-497.0,1000,3,997
DQN,23,0,-497.0,1000,3,997
DQN,24,0,-497.0,1000,3,997
DQN,25,0,-496.0,1000,4,996
DQN,26,0,-497.0,1000,3,997
DQN,27,0,-498.0,1000,2,998
DQN,28,0,-496.0,1000,4,996
DQN,29,0,-496.0,1000,4,996
DQN,30,0,-496.0,1000,4,996
DQN,31,0,-496.0,1000,4,996
DQN,32,10,-493.5,1000,5,995
DQN,33,0,-496.0,1000,4,996
DQN,34,0,-495.0,1000,5,995
DQN,35,0,-497.0,1000,3,997
DQN,36,0,-497.0,1000,3,997
DQN,37,0,-494.0,1000,6,994
DQN,38,0,-496.0,1000,4,996
DQN,39,0,-496.0,1000,4,996
DQN,40,0,-497.0,1000,3,997
DQN,41,0,-497.0,1000,3,997
DQN,42,0,-496.0,1000,4,996
DQN,43,0,-496.0,1000,4,996
DQN,44,0,-497.0,1000,3,997
DQN,45,0,-497.0,1000,3,997
DQN,46,0,-496.0,1000,4,996
DQN,47,0,-496.0,1000,4,996
DQN,48,0,-498.0,1000,2,998
DQN,49,0,-496.0,1000,4,996
DQN,50,0,-495.0,1000,5,995
DQN,51,0,-497.0,1000,3,997
DQN,52,0,-496.0,1000,4,996
DQN,53,0,-497.0,1000,3,997
DQN,54,0,-497.0,1000,3,997
DQN,55,0,-498.0,1000,2,998
DQN,56,0,-497.0,1000,3,997
DQN,57,0,-495.0,1000,5,995
DQN,58,0,-497.0,1000,3,997
DQN,59,0,-498.0,1000,2,998
DQN,60,0,-497.0,1000,3,997
DQN,61,0,-498.0,1000,2,998
DQN,62,0,-496.0,1000,4,996
DQN,63,0,-495.0,1000,5,995
DQN,64,0,-498.0,1000,2,998
DQN,65,0,-497.0,1000,3,997
DQN,66,0,-496.0,1000,4,996
DQN,67,0,-496.0,1000,4,996
DQN,68,0,-498.0,1000,2,998
DQN,69,0,-497.0,1000,3,997
DQN,70,0,-496.0,1000,4,996
DQN,71,0,-496.0,1000,4,996
DQN,72,0,-496.0,1000,4,996
DQN,73,0,-495.0,1000,5,995
DQN,74,0,-496.0,1000,4,996
DQN,75,0,-494.0,1000,6,994
DQN,76,0,-496.0,1000,4,996
DQN,77,0,-496.0,1000,4,996
DQN,78,0,-497.0,1000,3,997
DQN,79,0,-496.0,1000,4,996
DQN,80,0,-497.0,1000,3,997
DQN,81,0,-498.0,1000,2,998
DQN,82,0,-495.0,1000,5,995
DQN,83,0,-497.0,1000,3,997
DQN,84,0,-496.0,1000,4,996
DQN,85,0,-496.0,1000,4,996
DQN,86,0,-497.0,1000,3,997
DQN,87,0,-496.0,1000,4,996
DQN,88,0,-496.0,1000,4,996
DQN,89,0,-496.0,1000,4,996
DQN,90,0,-498.0,1000,2,998
DQN,91,0,-497.0,1000,3,997
DQN,92,0,-497.0,1000,3,997
DQN,93,0,-495.0,1000,5,995
DQN,94,0,-496.0,1000,4,996
DQN,95,0,-497.0,1000,3,997
DQN,96,0,-496.0,1000,4,996
DQN,97,0,-498.0,1000,2,998
DQN,98,0,-496.0,1000,4,996
DQN,99,0,-497.0,1000,3,997
DQN,100,0,-498.0,1000,2,998
DQN,101,0,-496.0,1000,4,996
DQN,102,0,-497.0,1000,3,997
DQN,103,0,-497.0,1000,3,997
DQN,104,0,-496.0,1000,4,996
DQN,105,0,-497.0,1000,3,997
DQN,106,0,-496.0,1000,4,996
DQN,107,0,-497.0,1000,3,997
DQN,108,0,-493.0,1000,7,993
DQN,109,0,-494.0,1000,6,994
DQN,110,0,-498.0,1000,2,998
DQN,111,0,-496.0,1000,4,996
DQN,112,0,-497.0,1000,3,997
DQN,113,0,-497.0,1000,3,997
DQN,114,0,-497.0,1000,3,997
DQN,115,0,-495.0,1000,5,995
DQN,116,0,-496.0,1000,4,996
DQN,117,0,-497.0,1000,3,997
DQN,118,0,-497.0,1000,3,997
DQN,119,0,-496.0,1000,4,996
DQN,120,0,-496.0,1000,4,996
DQN,121,0,-495.0,1000,5,995
DQN,122,0,-496.0,1000,4,996
DQN,123,0,-498.0,1000,2,998
DQN,124,0,-498.0,1000,2,998
DQN,125,0,-497.0,1000,3,997
DQN,126,0,-495.0,1000,5,995
DQN,127,0,-498.0,1000,2,998
DQN,128,0,-497.0,1000,3,997
DQN,129,0,-497.0,1000,3,997
DQN,130,0,-496.0,1000,4,996
DQN,131,0,-493.0,1000,7,993
DQN,132,0,-497.0,1000,3,997
DQN,133,0,-497.0,1000,3,997
DQN,134,0,-498.0,1000,2,998
DQN,135,0,-494.0,1000,6,994
DQN,136,0,-497.0,1000,3,997
DQN,137,0,-497.0,1000,3,997
DQN,138,0,-497.0,1000,3,997
DQN,139,0,-497.0,1000,3,997
DQN,140,0,-497.0,1000,3,997
DQN,141,0,-496.0,1000,4,996
DQN,142,0,-497.0,1000,3,997
DQN,143,0,-497.0,1000,3,997
DQN,144,0,-497.0,1000,3,997
DQN,145,0,-496.0,1000,4,996
DQN,146,0,-494.0,1000,6,994
DQN,147,0,-496.0,1000,4,996
DQN,148,0,-497.0,1000,3,997
DQN,149,0,-496.0,1000,4,996
DQN,150,0,-497.0,1000,3,997
DQN,151,0,-497.0,1000,3,997
DQN,152,0,-495.0,1000,5,995
DQN,153,0,-497.0,1000,3,997
DQN,154,0,-497.0,1000,3,997
DQN,155,0,-497.0,1000,3,997
DQN,156,0,-497.0,1000,3,997
DQN,157,0,-497.0,1000,3,997
DQN,158,0,-496.0,1000,4,996
DQN,159,0,-495.0,1000,5,995
DQN,160,0,-497.0,1000,3,997
DQN,161,0,-498.0,1000,2,998
DQN,162,10,-493.5,1000,5,995
DQN,163,10,-495.5,1000,3,997
DQN,164,0,-497.0,1000,3,997
DQN,165,0,-497.0,1000,3,997
DQN,166,0,-495.0,1000,5,995
DQN,167,0,-495.0,1000,5,995
DQN,168,0,-496.0,1000,4,996
DQN,169,0,-497.0,1000,3,997
DQN,170,0,-495.0,1000,5,995
DQN,171,0,-497.0,1000,3,997
DQN,172,0,-496.0,1000,4,996
DQN,173,0,-498.0,1000,2,998
DQN,174,0,-497.0,1000,3,997
DQN,175,0,-496.0,1000,4,996
DQN,176,10,-495.5,1000,3,997
DQN,177,0,-496.0,1000,4,996
DQN,178,0,-496.0,1000,4,996
DQN,179,0,-496.0,1000,4,996
DQN,180,0,-496.0,1000,4,996
DQN,181,0,-496.0,1000,4,996
DQN,182,0,-497.0,1000,3,997
DQN,183,0,-496.0,1000,4,996
DQN,184,0,-496.0,1000,4,996
DQN,185,0,-496.0,1000,4,996
DQN,186,0,-496.0,1000,4,996
DQN,187,0,-496.0,1000,4,996
DQN,188,0,-496.0,1000,4,996
DQN,189,0,-496.0,1000,4,996
DQN,190,0,-497.0,1000,3,997
DQN,191,0,-497.0,1000,3,997
DQN,192,0,-497.0,1000,3,997
DQN,193,0,-497.0,1000,3,997
DQN,194,0,-497.0,1000,3,997
DQN,195,0,-496.0,1000,4,996
DQN,196,0,-497.0,1000,3,997
DQN,197,0,-496.0,1000,4,996
DQN,198,0,-496.0,1000,4,996
DQN,199,0,-497.0,1000,3,997
DQN,200,0,-496.0,1000,4,996
DQN,201,0,-497.0,1000,3,997
DQN,202,0,-498.0,1000,2,998
DQN,203,0,-497.0,1000,3,997
DQN,204,0,-496.0,1000,4,996
DQN,205,0,-496.0,1000,4,996
DQN,206,0,-495.0,1000,5,995
DQN,207,0,-497.0,1000,3,997
DQN,208,0,-497.0,1000,3,997
DQN,209,0,-494.0,1000,6,994
DQN,210,0,-498.0,1000,2,998
DQN,211,0,-497.0,1000,3,997
DQN,212,0,-496.0,1000,4,996
DQN,213,0,-496.0,1000,4,996
DQN,214,0,-496.0,1000,4,996
DQN,215,0,-496.0,1000,4,996
DQN,216,0,-497.0,1000,3,997
DQN,217,0,-497.0,1000,3,997
DQN,218,0,-495.0,1000,5,995
DQN,219,0,-495.0,1000,5,995
DQN,220,0,-497.0,1000,3,997
DQN,221,0,-496.0,1000,4,996
DQN,222,0,-498.0,1000,2,998
DQN,223,0,-496.0,1000,4,996
DQN,224,0,-497.0,1000,3,997
DQN,225,0,-494.0,1000,6,994
DQN,226,0,-497.0,1000,3,997
DQN,227,0,-496.0,1000,4,996
DQN,228,10,-495.5,1000,3,997
DQN,229,0,-495.0,1000,5,995
DQN,230,0,-493.0,1000,7,993
DQN,231,0,-497.0,1000,3,997
DQN,232,0,-496.0,1000,4,996
DQN,233,0,-496.0,1000,4,996
DQN,234,0,-497.0,1000,3,997
DQN,235,0,-497.0,1000,3,997
DQN,236,0,-495.0,1000,5,995
DQN,237,0,-495.0,1000,5,995
DQN,238,0,-496.0,1000,4,996
DQN,239,0,-497.0,1000,3,997
DQN,240,0,-497.0,1000,3,997
DQN,241,0,-496.0,1000,4,996
DQN,242,0,-496.0,1000,4,996
DQN,243,0,-497.0,1000,3,997
DQN,244,0,-496.0,1000,4,996
DQN,245,10,-494.5,1000,4,996
DQN,246,0,-497.0,1000,3,997
DQN,247,0,-496.0,1000,4,996
DQN,248,0,-497.0,1000,3,997
DQN,249,0,-497.0,1000,3,997
DQN,250,0,-496.0,1000,4,996
DQN,251,0,-497.0,1000,3,997
DQN,252,0,-497.0,1000,3,997
DQN,253,0,-496.0,1000,4,996
DQN,254,0,-496.0,1000,4,996
DQN,255,0,-497.0,1000,3,997
DQN,256,0,-496.0,1000,4,996
DQN,257,0,-496.0,1000,4,996
DQN,258,0,-494.0,1000,6,994
DQN,259,0,-497.0,1000,3,997
DQN,260,0,-497.0,1000,3,997
DQN,261,0,-496.0,1000,4,996
DQN,262,0,-495.0,1000,5,995
DQN,263,0,-497.0,1000,3,997
DQN,264,0,-498.0,1000,2,998
DQN,265,0,-497.0,1000,3,997
DQN,266,0,-496.0,1000,4,996
DQN,267,0,-495.0,1000,5,995
DQN,268,0,-498.0,1000,2,998
DQN,269,0,-498.0,1000,2,998
DQN,270,0,-496.0,1000,4,996
DQN,271,0,-497.0,1000,3,997
DQN,272,0,-496.0,1000,4,996
DQN,273,0,-497.0,1000,3,997
DQN,274,0,-496.0,1000,4,996
DQN,275,0,-496.0,1000,4,996
DQN,276,0,-497.0,1000,3,997
DQN,277,0,-496.0,1000,4,996
DQN,278,0,-497.0,1000,3,997
DQN,279,0,-497.0,1000,3,997
DQN,280,0,-497.0,1000,3,997
DQN,281,0,-496.0,1000,4,996
DQN,282,0,-496.0,1000,4,996
DQN,283,0,-496.0,1000,4,996
DQN,284,0,-497.0,1000,3,997
DQN,285,0,-496.0,1000,4,996
DQN,286,0,-497.0,1000,3,997
DQN,287,0,-496.0,1000,4,996
DQN,288,0,-497.0,1000,3,997
DQN,289,0,-497.0,1000,3,997
DQN,290,0,-497.0,1000,3,997
DQN,291,0,-497.0,1000,3,997
DQN,292,0,-496.0,1000,4,996
DQN,293,0,-497.0,1000,3,997
DQN,294,0,-497.0,1000,3,997
DQN,295,0,-497.0,1000,3,997
DQN,296,10,-495.5,1000,3,997
DQN,297,0,-497.0,1000,3,997
DQN,298,0,-497.0,1000,3,997
DQN,299,0,-496.0,1000,4,996
DQN,300,0,-496.0,1000,4,996
DQN,301,0,-498.0,1000,2,998
DQN,302,0,-495.0,1000,5,995
DQN,303,0,-497.0,1000,3,997
DQN,304,0,-497.0,1000,3,997
DQN,305,0,-496.0,1000,4,996
DQN,306,0,-496.0,1000,4,996
DQN,307,0,-496.0,1000,4,996
DQN,308,0,-497.0,1000,3,997
DQN,309,0,-492.0,1000,8,992
DQN,310,10,-492.5,1000,6,994
DQN,311,0,-496.0,1000,4,996
DQN,312,0,-496.0,1000,4,996
DQN,313,0,-497.0,1000,3,997
DQN,314,0,-497.0,1000,3,997
DQN,315,0,-497.0,1000,3,997
DQN,316,0,-496.0,1000,4,996
DQN,317,0,-497.0,1000,3,997
DQN,318,0,-496.0,1000,4,996
DQN,319,0,-496.0,1000,4,996
DQN,320,0,-496.0,1000,4,996
DQN,321,0,-495.0,1000,5,995
DQN,322,0,-497.0,1000,3,997
DQN,323,0,-497.0,1000,3,997
DQN,324,0,-498.0,1000,2,998
DQN,325,0,-497.0,1000,3,997
DQN,326,0,-497.0,1000,3,997
DQN,327,0,-494.0,1000,6,994
DQN,328,10,-492.5,1000,6,994
DQN,329,10,-495.5,1000,3,997
DQN,330,0,-497.0,1000,3,997
DQN,331,10,-494.5,1000,4,996
DQN,332,0,-496.0,1000,4,996
DQN,333,0,-495.0,1000,5,995
DQN,334,0,-496.0,1000,4,996
DQN,335,0,-498.0,1000,2,998
DQN,336,0,-496.0,1000,4,996
DQN,337,0,-497.0,1000,3,997
DQN,338,0,-497.0,1000,3,997
DQN,339,0,-497.0,1000,3,997
DQN,340,0,-497.0,1000,3,997
DQN,341,0,-496.0,1000,4,996
DQN,342,0,-497.0,1000,3,997
DQN,343,0,-498.0,1000,2,998
DQN,344,0,-497.0,1000,3,997
DQN,345,0,-498.0,1000,2,998
DQN,346,0,-495.0,1000,5,995
DQN,347,10,-495.5,1000,3,997
DQN,348,0,-497.0,1000,3,997
DQN,349,0,-497.0,1000,3,997
DQN,350,0,-498.0,1000,2,998
DQN,351,0,-496.0,1000,4,996
DQN,352,0,-496.0,1000,4,996
DQN,353,0,-496.0,1000,4,996
DQN,354,0,-496.0,1000,4,996
DQN,355,0,-497.0,1000,3,997
DQN,356,0,-497.0,1000,3,997
DQN,357,0,-497.0,1000,3,997
DQN,358,0,-496.0,1000,4,996
DQN,359,0,-497.0,1000,3,997
DQN,360,0,-496.0,1000,4,996
DQN,361,0,-496.0,1000,4,996
DQN,362,0,-496.0,1000,4,996
DQN,363,0,-495.0,1000,5,995
DQN,364,0,-497.0,1000,3,997
DQN,365,0,-497.0,1000,3,997
DQN,366,0,-497.0,1000,3,997
DQN,367,0,-497.0,1000,3,997
DQN,368,0,-494.0,1000,6,994
DQN,369,0,-497.0,1000,3,997
DQN,370,0,-494.0,1000,6,994
DQN,371,0,-496.0,1000,4,996
DQN,372,0,-497.0,1000,3,997
DQN,373,0,-496.0,1000,4,996
DQN,374,0,-496.0,1000,4,996
DQN,375,0,-496.0,1000,4,996
DQN,376,0,-497.0,1000,3,997
DQN,377,0,-497.0,1000,3,997
DQN,378,0,-496.0,1000,4,996
DQN,379,0,-496.0,1000,4,996
DQN,380,0,-497.0,1000,3,997
DQN,381,0,-497.0,1000,3,997
DQN,382,0,-497.0,1000,3,997
DQN,383,0,-497.0,1000,3,997
DQN,384,0,-496.0,1000,4,996
DQN,385,0,-497.0,1000,3,997
DQN,386,0,-495.0,1000,5,995
DQN,387,0,-497.0,1000,3,997
DQN,388,10,-495.5,1000,3,997
DQN,389,0,-496.0,1000,4,996
DQN,390,0,-497.0,1000,3,997
DQN,391,0,-496.0,1000,4,996
DQN,392,0,-497.0,1000,3,997
DQN,393,0,-498.0,1000,2,998
DQN,394,0,-496.0,1000,4,996
DQN,395,0,-497.0,1000,3,997
DQN,396,0,-497.0,1000,3,997
DQN,397,0,-496.0,1000,4,996
DQN,398,0,-495.0,1000,5,995
DQN,399,0,-497.0,1000,3,997
DQN,400,0,-497.0,1000,3,997
DQN,401,0,-495.0,1000,5,995
DQN,402,0,-496.0,1000,4,996
DQN,403,0,-497.0,1000,3,997
DQN,404,0,-496.0,1000,4,996
DQN,405,0,-496.0,1000,4,996
DQN,406,0,-497.0,1000,3,997
DQN,407,0,-496.0,1000,4,996
DQN,408,0,-495.0,1000,5,995
DQN,409,0,-497.0,1000,3,997
DQN,410,0,-497.0,1000,3,997
DQN,411,0,-497.0,1000,3,997
DQN,412,0,-497.0,1000,3,997
DQN,413,0,-498.0,1000,2,998
DQN,414,0,-496.0,1000,4,996
DQN,415,0,-497.0,1000,3,997
DQN,416,0,-496.0,1000,4,996
DQN,417,0,-497.0,1000,3,997
DQN,418,0,-497.0,1000,3,997
DQN,419,0,-497.0,1000,3,997
DQN,420,0,-494.0,1000,6,994
DQN,421,0,-497.0,1000,3,997
DQN,422,0,-496.0,1000,4,996
DQN,423,0,-496.0,1000,4,996
DQN,424,0,-497.0,1000,3,997
DQN,425,0,-496.0,1000,4,996
DQN,426,0,-496.0,1000,4,996
DQN,427,0,-496.0,1000,4,996
DQN,428,0,-497.0,1000,3,997
DQN,429,0,-497.0,1000,3,997
DQN,430,0,-496.0,1000,4,996
DQN,431,0,-496.0,1000,4,996
DQN,432,0,-496.0,1000,4,996
DQN,433,0,-497.0,1000,3,997
DQN,434,0,-493.0,1000,7,993
DQN,435,0,-497.0,1000,3,997
DQN,436,0,-497.0,1000,3,997
DQN,437,0,-497.0,1000,3,997
DQN,438,0,-497.0,1000,3,997
DQN,439,0,-495.0,1000,5,995
DQN,440,0,-498.0,1000,2,998
DQN,441,0,-496.0,1000,4,996
DQN,442,0,-496.0,1000,4,996
DQN,443,0,-497.0,1000,3,997
DQN,444,0,-497.0,1000,3,997
DQN,445,0,-497.0,1000,3,997
DQN,446,0,-497.0,1000,3,997
DQN,447,0,-497.0,1000,3,997
DQN,448,0,-496.0,1000,4,996
DQN,449,0,-497.0,1000,3,997
DQN,450,0,-495.0,1000,5,995
DQN,451,0,-497.0,1000,3,997
DQN,452,0,-496.0,1000,4,996
DQN,453,0,-494.0,1000,6,994
DQN,454,0,-497.0,1000,3,997
DQN,455,0,-496.0,1000,4,996
DQN,456,0,-496.0,1000,4,996
DQN,457,10,-495.5,1000,3,997
DQN,458,0,-496.0,1000,4,996
DQN,459,0,-496.0,1000,4,996
DQN,460,0,-495.0,1000,5,995
DQN,461,0,-496.0,1000,4,996
DQN,462,0,-496.0,1000,4,996
DQN,463,0,-494.0,1000,6,994
DQN,464,0,-496.0,1000,4,996
DQN,465,0,-496.0,1000,4,996
DQN,466,0,-496.0,1000,4,996
DQN,467,0,-496.0,1000,4,996
DQN,468,0,-496.0,1000,4,996
DQN,469,0,-497.0,1000,3,997
DQN,470,0,-497.0,1000,3,997
DQN,471,0,-497.0,1000,3,997
DQN,472,0,-496.0,1000,4,996
DQN,473,0,-497.0,1000,3,997
DQN,474,0,-496.0,1000,4,996
DQN,475,0,-497.0,1000,3,997
DQN,476,0,-496.0,1000,4,996
DQN,477,0,-497.0,1000,3,997
DQN,478,0,-496.0,1000,4,996
DQN,479,0,-497.0,1000,3,997
DQN,480,0,-495.0,1000,5,995
DQN,481,0,-496.0,1000,4,996
DQN,482,0,-495.0,1000,5,995
DQN,483,0,-497.0,1000,3,997
DQN,484,0,-496.0,1000,4,996
DQN,485,0,-496.0,1000,4,996
DQN,486,0,-496.0,1000,4,996
DQN,487,0,-496.0,1000,4,996
DQN,488,0,-496.0,1000,4,996
DQN,489,0,-497.0,1000,3,997
DQN,490,0,-497.0,1000,3,997
DQN,491,0,-498.0,1000,2,998
DQN,492,0,-497.0,1000,3,997
DQN,493,0,-495.0,1000,5,995
DQN,494,0,-496.0,1000,4,996
DQN,495,0,-497.0,1000,3,997
DQN,496,0,-498.0,1000,2,998
DQN,497,0,-495.0,1000,5,995
DQN,498,0,-497.0,1000,3,997
DQN,499,0,-497.0,1000,3,997
DQN,500,0,-495.0,1000,5,995
Masked PPO,1,1260,117.5,64,64,0
Masked PPO,2,700,79.5,50,50,0
Masked PPO,3,180,19.0,20,20,0
Masked PPO,4,250,35.0,32,32,0
Masked PPO,5,70,14.0,20,20,0
Masked PPO,6,1080,83.5,32,32,0
Masked PPO,7,1090,122.5,77,77,0
Masked PPO,8,330,37.5,29,29,0
Masked PPO,9,1890,159.5,74,74,0
Masked PPO,10,1780,196.0,119,119,0
Masked PPO,11,0,0.5,8,8,0
Masked PPO,12,720,71.0,41,41,0
Masked PPO,13,40,10.0,17,17,0
Masked PPO,14,1050,114.5,73,73,0
Masked PPO,15,450,54.5,41,41,0
Masked PPO,16,110,14.0,17,17,0
Masked PPO,17,230,29.0,26,26,0
Masked PPO,18,30,2.0,8,8,0
Masked PPO,19,470,57.0,43,43,0
Masked PPO,20,140,28.5,32,32,0
Masked PPO,21,100,15.0,20,20,0
Masked PPO,22,850,112.0,80,80,0
Masked PPO,23,160,27.0,29,29,0
Masked PPO,24,1080,118.5,74,74,0
Masked PPO,25,520,66.5,50,50,0
Masked PPO,26,380,59.5,52,52,0
Masked PPO,27,870,110.5,77,77,0
Masked PPO,28,710,65.0,38,38,0
Masked PPO,29,400,51.5,40,40,0
Masked PPO,30,640,63.5,40,40,0
Masked PPO,31,780,66.0,35,35,0
Masked PPO,32,890,104.5,71,71,0
Masked PPO,33,180,26.5,26,26,0
Masked PPO,34,1430,135.5,73,73,0
Masked PPO,35,650,70.0,44,44,0
Masked PPO,36,1010,114.5,71,71,0
Masked PPO,37,300,43.5,38,38,0
Masked PPO,38,1030,122.0,80,80,0
Masked PPO,39,710,92.5,65,65,0
Masked PPO,40,920,109.0,71,71,0
Masked PPO,41,1520,167.0,101,101,0
Masked PPO,42,900,91.5,56,56,0
Masked PPO,43,1510,142.5,77,77,0
Masked PPO,44,680,75.5,50,50,0
Masked PPO,45,2120,199.0,101,101,0
Masked PPO,46,1630,185.5,113,113,0
Masked PPO,47,380,47.5,38,38,0
Masked PPO,48,640,79.5,58,58,0
Masked PPO,49,1080,122.0,77,77,0
Masked PPO,50,2420,209.5,98,98,0
Masked PPO,51,1450,152.0,92,92,0
Masked PPO,52,1090,100.5,53,53,0
Masked PPO,53,290,44.0,38,38,0
Masked PPO,54,210,30.5,29,29,0
Masked PPO,55,1210,112.5,59,59,0
Masked PPO,56,320,45.5,38,38,0
Masked PPO,57,1200,120.5,71,71,0
Masked PPO,58,1760,214.0,133,133,0
Masked PPO,59,790,92.0,62,62,0
Masked PPO,60,190,26.5,23,23,0
Masked PPO,61,1840,177.0,95,95,0
Masked PPO,62,60,12.0,17,17,0
Masked PPO,63,170,26.5,23,23,0
Masked PPO,64,850,87.0,50,50,0
Masked PPO,65,280,39.5,34,34,0
Masked PPO,66,2170,197.0,104,104,0
Masked PPO,67,590,69.5,47,47,0
Masked PPO,68,590,83.0,62,62,0
Masked PPO,69,1420,165.0,107,107,0
Masked PPO,70,500,62.0,47,47,0
Masked PPO,71,370,47.0,38,38,0
Masked PPO,72,100,16.5,20,20,0
Masked PPO,73,220,27.0,23,23,0
Masked PPO,74,1660,157.0,83,83,0
Masked PPO,75,860,92.5,62,62,0
Masked PPO,76,180,25.5,26,26,0
Masked PPO,77,1660,195.5,122,122,0
Masked PPO,78,990,82.0,38,38,0
Masked PPO,79,510,69.5,55,55,0
Masked PPO,80,330,46.0,38,38,0
Masked PPO,81,450,52.5,40,40,0
Masked PPO,82,1190,135.0,86,86,0
Masked PPO,83,120,20.5,22,22,0
Masked PPO,84,340,39.0,31,31,0
Masked PPO,85,30,7.0,14,14,0
Masked PPO,86,660,71.5,46,46,0
Masked PPO,87,970,98.0,56,56,0
Masked PPO,88,120,18.5,20,20,0
Masked PPO,89,520,57.5,40,40,0
Masked PPO,90,1480,152.5,92,92,0
Masked PPO,91,190,29.5,29,29,0
Masked PPO,92,530,66.5,50,50,0
Masked PPO,93,780,74.0,43,43,0
Masked PPO,94,840,79.5,44,44,0
Masked PPO,95,590,67.0,47,47,0
Masked PPO,96,1880,134.5,56,56,0
Masked PPO,97,800,78.0,47,47,0
Masked PPO,98,1300,138.5,80,80,0
Masked PPO,99,510,62.0,46,46,0
Masked PPO,100,60,11.5,17,17,0
Masked PPO,101,200,33.5,32,32,0
Masked PPO,102,530,62.0,46,46,0
Masked PPO,103,610,66.0,44,44,0
Masked PPO,104,0,0.5,8,8,0
Masked PPO,105,1500,145.5,80,80,0
Masked PPO,106,500,70.0,53,53,0
Masked PPO,107,2040,228.5,140,140,0
Masked PPO,108,1000,123.0,83,83,0
Masked PPO,109,560,58.5,38,38,0
Masked PPO,110,70,14.0,20,20,0
Masked PPO,111,360,42.0,35,35,0
Masked PPO,112,580,64.0,44,44,0
Masked PPO,113,450,55.5,41,41,0
Masked PPO,114,1510,126.5,62,62,0
Masked PPO,115,670,65.5,41,41,0
Masked PPO,116,140,25.5,28,28,0
Masked PPO,117,1390,142.0,80,80,0
Masked PPO,118,800,83.5,50,50,0
Masked PPO,119,1140,119.0,71,71,0
Masked PPO,120,3050,327.0,182,182,0
Masked PPO,121,350,42.0,32,32,0
Masked PPO,122,320,42.5,38,38,0
Masked PPO,123,1360,147.0,89,89,0
Masked PPO,124,1010,118.5,77,77,0
Masked PPO,125,210,23.0,20,20,0
Masked PPO,126,410,59.0,50,50,0
Masked PPO,127,770,61.0,26,26,0
Masked PPO,128,810,96.0,64,64,0
Masked PPO,129,2180,168.5,68,68,0
Masked PPO,130,660,56.5,32,32,0
Masked PPO,131,1360,158.0,101,101,0
Masked PPO,132,460,49.0,35,35,0
Masked PPO,133,490,59.5,41,41,0
Masked PPO,134,1500,126.0,59,59,0
Masked PPO,135,260,37.0,34,34,0
Masked PPO,136,970,95.5,55,55,0
Masked PPO,137,260,35.5,32,32,0
Masked PPO,138,230,36.5,35,35,0
Masked PPO,139,1100,136.5,92,92,0
Masked PPO,140,460,58.5,44,44,0
Masked PPO,141,860,86.5,50,50,0
Masked PPO,142,640,66.5,44,44,0
Masked PPO,143,290,33.5,25,25,0
Masked PPO,144,160,28.0,29,29,0
Masked PPO,145,280,36.0,32,32,0
Masked PPO,146,460,57.0,41,41,0
Masked PPO,147,1090,116.0,71,71,0
Masked PPO,148,730,86.5,59,59,0
Masked PPO,149,480,63.5,50,50,0
Masked PPO,150,130,21.5,23,23,0
Masked PPO,151,290,31.5,26,26,0
Masked PPO,152,230,30.0,26,26,0
Masked PPO,153,350,39.0,32,32,0
Masked PPO,154,1580,148.5,80,80,0
Masked PPO,155,1950,195.0,104,104,0
Masked PPO,156,1450,145.5,83,83,0
Masked PPO,157,1380,128.5,68,68,0
Masked PPO,158,40,10.0,17,17,0
Masked PPO,159,550,65.5,47,47,0
Masked PPO,160,1850,195.5,115,115,0
Masked PPO,161,60,9.5,14,14,0
Masked PPO,162,330,49.5,41,41,0
Masked PPO,163,370,36.5,26,26,0
Masked PPO,164,470,50.5,38,38,0
Masked PPO,165,780,68.0,38,38,0
Masked PPO,166,460,53.5,38,38,0
Masked PPO,167,170,26.0,26,26,0
Masked PPO,168,60,11.0,17,17,0
Masked PPO,169,510,54.5,37,37,0
Masked PPO,170,2370,183.5,73,73,0
Masked PPO,171,2850,293.5,163,163,0
Masked PPO,172,950,122.0,86,86,0
Masked PPO,173,480,54.5,38,38,0
Masked PPO,174,50,10.5,17,17,0
Masked PPO,175,10,3.5,11,11,0
Masked PPO,176,70,11.0,14,14,0
Masked PPO,177,750,75.5,47,47,0
Masked PPO,178,800,91.5,62,62,0
Masked PPO,179,90,17.0,20,20,0
Masked PPO,180,90,14.5,17,17,0
Masked PPO,181,1610,167.5,95,95,0
Masked PPO,182,860,105.0,73,73,0
Masked PPO,183,60,9.5,14,14,0
Masked PPO,184,1080,124.5,80,80,0
Masked PPO,185,1700,159.5,86,86,0
Masked PPO,186,900,81.5,44,44,0
Masked PPO,187,250,32.5,29,29,0
Masked PPO,188,470,74.5,61,61,0
Masked PPO,189,710,79.0,52,52,0
Masked PPO,190,1310,122.5,65,65,0
Masked PPO,191,220,25.5,23,23,0
Masked PPO,192,310,50.0,46,46,0
Masked PPO,193,790,78.0,47,47,0
Masked PPO,194,2290,232.5,125,125,0
Masked PPO,195,100,14.0,17,17,0
Masked PPO,196,2040,164.5,68,68,0
Masked PPO,197,220,32.0,29,29,0
Masked PPO,198,210,30.5,29,29,0
Masked PPO,199,450,51.5,37,37,0
Masked PPO,200,550,69.0,50,50,0
Masked PPO,201,360,53.5,44,44,0
Masked PPO,202,240,35.5,32,32,0
Masked PPO,203,1400,110.0,47,47,0
Masked PPO,204,850,90.0,56,56,0
Masked PPO,205,570,66.5,47,47,0
Masked PPO,206,590,79.5,62,62,0
Masked PPO,207,1290,132.5,77,77,0
Masked PPO,208,1120,97.5,50,50,0
Masked PPO,209,1490,132.5,65,65,0
Masked PPO,210,110,21.5,25,25,0
Masked PPO,211,1380,120.0,59,59,0
Masked PPO,212,1560,143.0,77,77,0
Masked PPO,213,100,16.0,20,20,0
Masked PPO,214,160,24.5,26,26,0
Masked PPO,215,500,52.0,35,35,0
Masked PPO,216,200,22.5,20,20,0
Masked PPO,217,630,73.0,50,50,0
Masked PPO,218,210,24.0,20,20,0
Masked PPO,219,140,22.0,23,23,0
Masked PPO,220,130,20.5,23,23,0
Masked PPO,221,1090,123.5,77,77,0
Masked PPO,222,590,67.5,47,47,0
Masked PPO,223,530,59.5,41,41,0
Masked PPO,224,900,87.5,50,50,0
Masked PPO,225,780,102.5,74,74,0
Masked PPO,226,1290,105.0,50,50,0
Masked PPO,227,350,52.0,44,44,0
Masked PPO,228,70,12.5,17,17,0
Masked PPO,229,440,51.5,38,38,0
Masked PPO,230,1000,105.0,65,65,0
Masked PPO,231,480,49.5,32,32,0
Masked PPO,232,860,93.0,59,59,0
Masked PPO,233,590,72.5,55,55,0
Masked PPO,234,210,34.0,32,32,0
Masked PPO,235,570,55.5,35,35,0
Masked PPO,236,50,14.0,22,22,0
Masked PPO,237,560,66.0,47,47,0
Masked PPO,238,100,15.0,20,20,0
Masked PPO,239,820,71.5,38,38,0
Masked PPO,240,360,34.0,23,23,0
Masked PPO,241,10,3.5,11,11,0
Masked PPO,242,1160,91.0,41,41,0
Masked PPO,243,530,62.0,44,44,0
Masked PPO,244,330,47.0,38,38,0
Masked PPO,245,1470,151.5,86,86,0
Masked PPO,246,360,42.5,35,35,0
Masked PPO,247,340,55.0,47,47,0
Masked PPO,248,1910,151.5,65,65,0
Masked PPO,249,1550,119.0,50,50,0
Masked PPO,250,990,93.5,53,53,0
Masked PPO,251,270,36.0,32,32,0
Masked PPO,252,100,19.0,23,23,0
Masked PPO,253,320,44.5,38,38,0
Masked PPO,254,330,53.0,44,44,0
Masked PPO,255,760,90.5,62,62,0
Masked PPO,256,60,12.0,17,17,0
Masked PPO,257,340,41.5,34,34,0
Masked PPO,258,640,75.0,53,53,0
Masked PPO,259,2570,268.0,152,152,0
Masked PPO,260,270,29.0,25,25,0
Masked PPO,261,970,115.5,77,77,0
Masked PPO,262,350,50.5,41,41,0
Masked PPO,263,1070,107.5,59,59,0
Masked PPO,264,270,40.5,37,37,0
Masked PPO,265,680,70.5,44,44,0
Masked PPO,266,260,36.5,32,32,0
Masked PPO,267,1770,192.5,113,113,0
Masked PPO,268,1330,142.0,86,86,0
Masked PPO,269,1950,183.5,95,95,0
Masked PPO,270,150,26.5,29,29,0
Masked PPO,271,430,67.0,56,56,0
Masked PPO,272,450,56.0,44,44,0
Masked PPO,273,660,71.0,47,47,0
Masked PPO,274,540,66.0,47,47,0
Masked PPO,275,1080,127.0,83,83,0
Masked PPO,276,400,53.0,41,41,0
Masked PPO,277,820,104.5,74,74,0
Masked PPO,278,30,2.0,8,8,0
Masked PPO,279,70,11.0,17,17,0
Masked PPO,280,860,91.5,56,56,0
Masked PPO,281,500,58.0,41,41,0
Masked PPO,282,250,38.5,35,35,0
Masked PPO,283,1910,196.0,110,110,0
Masked PPO,284,350,42.0,32,32,0
Masked PPO,285,390,40.0,28,28,0
Masked PPO,286,30,5.5,11,11,0
Masked PPO,287,880,92.5,56,56,0
Masked PPO,288,1310,126.5,71,71,0
Masked PPO,289,1070,119.0,74,74,0
Masked PPO,290,520,60.5,44,44,0
Masked PPO,291,310,42.0,38,38,0
Masked PPO,292,670,73.5,47,47,0
Masked PPO,293,170,23.0,20,20,0
Masked PPO,294,510,63.5,47,47,0
Masked PPO,295,480,54.5,38,38,0
Masked PPO,296,250,36.0,32,32,0
Masked PPO,297,400,51.0,41,41,0
Masked PPO,298,120,17.0,20,20,0
Masked PPO,299,100,15.0,17,17,0
Masked PPO,300,160,22.0,23,23,0
Masked PPO,301,490,67.0,53,53,0
Masked PPO,302,140,17.0,17,17,0
Masked PPO,303,1070,85.0,38,38,0
Masked PPO,304,470,48.0,32,32,0
Masked PPO,305,550,60.5,41,41,0
Masked PPO,306,80,16.5,20,20,0
Masked PPO,307,1270,107.5,53,53,0
Masked PPO,308,440,57.5,44,44,0
Masked PPO,309,1170,123.0,74,74,0
Masked PPO,310,1430,133.0,68,68,0
Masked PPO,311,1730,155.5,77,77,0
Masked PPO,312,550,53.5,34,34,0
Masked PPO,313,200,28.5,26,26,0
Masked PPO,314,490,59.0,44,44,0
Masked PPO,315,510,51.5,35,35,0
Masked PPO,316,600,69.0,47,47,0
Masked PPO,317,660,74.5,52,52,0
Masked PPO,318,1780,200.5,122,122,0
Masked PPO,319,1880,183.5,98,98,0
Masked PPO,320,400,48.0,35,35,0
Masked PPO,321,1520,176.5,110,110,0
Masked PPO,322,1640,146.0,71,71,0
Masked PPO,323,180,25.0,23,23,0
Masked PPO,324,880,74.5,38,38,0
Masked PPO,325,550,67.5,47,47,0
Masked PPO,326,550,47.0,26,26,0
Masked PPO,327,650,75.0,53,53,0
Masked PPO,328,1470,139.5,77,77,0
Masked PPO,329,920,91.5,56,56,0
Masked PPO,330,2310,246.0,140,140,0
Masked PPO,331,960,95.0,53,53,0
Masked PPO,332,2330,234.5,131,131,0
Masked PPO,333,180,27.5,26,26,0
Masked PPO,334,760,104.0,77,77,0
Masked PPO,335,1520,160.0,97,97,0
Masked PPO,336,1020,114.5,74,74,0
Masked PPO,337,210,24.5,23,23,0
Masked PPO,338,940,77.5,38,38,0
Masked PPO,339,1190,123.5,71,71,0
Masked PPO,340,580,54.0,34,34,0
Masked PPO,341,720,81.0,53,53,0
Masked PPO,342,890,102.5,71,71,0
Masked PPO,343,1410,139.5,77,77,0
Masked PPO,344,1100,123.0,77,77,0
Masked PPO,345,560,65.5,44,44,0
Masked PPO,346,300,34.5,26,26,0
Masked PPO,347,660,66.0,41,41,0
Masked PPO,348,740,80.5,52,52,0
Masked PPO,349,1650,157.0,83,83,0
Masked PPO,350,320,45.5,38,38,0
Masked PPO,351,570,77.5,59,59,0
Masked PPO,352,1910,176.0,88,88,0
Masked PPO,353,1610,180.5,113,113,0
Masked PPO,354,580,54.0,35,35,0
Masked PPO,355,1810,184.0,104,104,0
Masked PPO,356,1540,142.5,74,74,0
Masked PPO,357,940,108.0,71,71,0
Masked PPO,358,100,16.5,20,20,0
Masked PPO,359,150,25.0,26,26,0
Masked PPO,360,500,53.5,38,38,0
Masked PPO,361,580,68.0,47,47,0
Masked PPO,362,160,25.5,26,26,0
Masked PPO,363,480,70.5,56,56,0
Masked PPO,364,610,68.5,47,47,0
Masked PPO,365,680,73.0,49,49,0
Masked PPO,366,520,60.0,44,44,0
Masked PPO,367,550,62.0,44,44,0
Masked PPO,368,1580,178.5,110,110,0
Masked PPO,369,150,24.0,26,26,0
Masked PPO,370,20,6.0,13,13,0
Masked PPO,371,640,72.5,50,50,0
Masked PPO,372,280,33.5,26,26,0
Masked PPO,373,330,42.5,35,35,0
Masked PPO,374,1250,139.0,86,86,0
Masked PPO,375,590,67.5,47,47,0
Masked PPO,376,730,83.0,56,56,0
Masked PPO,377,850,79.5,47,47,0
Masked PPO,378,610,66.0,44,44,0
Masked PPO,379,760,78.0,47,47,0
Masked PPO,380,500,70.0,55,55,0
Masked PPO,381,1300,150.5,92,92,0
Masked PPO,382,700,78.5,50,50,0
Masked PPO,383,150,20.0,20,20,0
Masked PPO,384,1450,140.5,77,77,0
Masked PPO,385,1420,165.5,107,107,0
Masked PPO,386,120,20.0,23,23,0
Masked PPO,387,110,16.5,20,20,0
Masked PPO,388,340,39.0,29,29,0
Masked PPO,389,1860,215.5,134,134,0
Masked PPO,390,80,14.0,17,17,0
Masked PPO,391,490,52.5,37,37,0
Masked PPO,392,80,16.5,22,22,0
Masked PPO,393,830,94.0,62,62,0
Masked PPO,394,810,93.0,62,62,0
Masked PPO,395,410,49.5,38,38,0
Masked PPO,396,30,7.0,14,14,0
Masked PPO,397,110,18.0,20,20,0
Masked PPO,398,260,32.5,29,29,0
Masked PPO,399,270,33.0,26,26,0
Masked PPO,400,120,21.0,23,23,0
Masked PPO,401,1850,171.5,89,89,0
Masked PPO,402,310,40.5,35,35,0
Masked PPO,403,560,50.5,32,32,0
Masked PPO,404,320,36.5,32,32,0
Masked PPO,405,500,66.5,50,50,0
Masked PPO,406,1910,160.0,70,70,0
Masked PPO,407,30,7.0,14,14,0
Masked PPO,408,500,64.5,50,50,0
Masked PPO,409,400,44.5,32,32,0
Masked PPO,410,550,63.0,44,44,0
Masked PPO,411,2200,215.5,116,116,0
Masked PPO,412,260,39.5,37,37,0
Masked PPO,413,730,71.0,44,44,0
Masked PPO,414,610,72.0,50,50,0
Masked PPO,415,1420,143.0,83,83,0
Masked PPO,416,590,66.0,44,44,0
Masked PPO,417,400,41.5,29,29,0
Masked PPO,418,830,92.5,59,59,0
Masked PPO,419,260,37.5,32,32,0
Masked PPO,420,460,57.5,44,44,0
Masked PPO,421,10,3.0,10,10,0
Masked PPO,422,1220,137.5,86,86,0
Masked PPO,423,20,5.0,11,11,0
Masked PPO,424,970,117.5,80,80,0
Masked PPO,425,1260,149.5,98,98,0
Masked PPO,426,550,66.0,46,46,0
Masked PPO,427,300,45.5,38,38,0
Masked PPO,428,780,83.0,53,53,0
Masked PPO,429,770,79.5,53,53,0
Masked PPO,430,110,17.0,20,20,0
Masked PPO,431,1040,122.5,80,80,0
Masked PPO,432,380,55.5,44,44,0
Masked PPO,433,2050,216.5,125,125,0
Masked PPO,434,890,80.0,47,47,0
Masked PPO,435,400,41.0,29,29,0
Masked PPO,436,2460,196.5,80,80,0
Masked PPO,437,270,42.0,38,38,0
Masked PPO,438,450,51.0,38,38,0
Masked PPO,439,170,23.5,23,23,0
Masked PPO,440,340,42.5,34,34,0
Masked PPO,441,390,52.0,38,38,0
Masked PPO,442,430,49.5,35,35,0
Masked PPO,443,610,73.0,50,50,0
Masked PPO,444,440,54.0,41,41,0
Masked PPO,445,860,117.5,86,86,0
Masked PPO,446,480,56.5,38,38,0
Masked PPO,447,210,31.0,28,28,0
Masked PPO,448,360,37.0,29,29,0
Masked PPO,449,1770,167.0,86,86,0
Masked PPO,450,610,57.5,35,35,0
Masked PPO,451,2440,229.5,116,116,0
Masked PPO,452,490,71.0,56,56,0
Masked PPO,453,170,23.5,23,23,0
Masked PPO,454,400,49.5,41,41,0
Masked PPO,455,1210,135.0,80,80,0
Masked PPO,456,1350,130.0,71,71,0
Masked PPO,457,790,87.0,59,59,0
Masked PPO,458,2530,191.0,74,74,0
Masked PPO,459,350,41.5,31,31,0
Masked PPO,460,720,86.0,59,59,0
Masked PPO,461,1610,159.5,89,89,0
Masked PPO,462,390,51.5,41,41,0
Masked PPO,463,350,48.5,41,41,0
Masked PPO,464,1030,102.0,56,56,0
Masked PPO,465,120,18.5,20,20,0
Masked PPO,466,1450,119.0,56,56,0
Masked PPO,467,420,45.5,35,35,0
Masked PPO,468,2430,282.5,173,173,0
Masked PPO,469,820,95.0,65,65,0
Masked PPO,470,990,122.5,85,85,0
Masked PPO,471,160,22.0,23,23,0
Masked PPO,472,610,72.0,53,53,0
Masked PPO,473,650,64.0,41,41,0
Masked PPO,474,1760,161.0,83,83,0
Masked PPO,475,90,14.5,17,17,0
Masked PPO,476,620,64.5,44,44,0
Masked PPO,477,740,88.5,62,62,0
Masked PPO,478,620,59.0,35,35,0
Masked PPO,479,440,52.0,38,38,0
Masked PPO,480,4490,329.0,116,116,0
Masked PPO,481,550,56.5,35,35,0
Masked PPO,482,480,63.0,47,47,0
Masked PPO,483,70,13.5,17,17,0
Masked PPO,484,410,51.5,41,41,0
Masked PPO,485,320,38.0,32,32,0
Masked PPO,486,1630,183.0,110,110,0
Masked PPO,487,530,59.5,44,44,0
Masked PPO,488,150,22.5,23,23,0
Masked PPO,489,360,44.5,32,32,0
Masked PPO,490,2130,184.0,86,86,0
Masked PPO,491,630,67.0,44,44,0
Masked PPO,492,440,45.0,29,29,0
Masked PPO,493,100,17.5,20,20,0
Masked PPO,494,1350,146.0,86,86,0
Masked PPO,495,1000,105.0,61,61,0
Masked PPO,496,400,48.5,38,38,0
Masked PPO,497,710,80.5,53,53,0
Masked PPO,498,330,38.5,29,29,0
Masked PPO,499,810,91.5,59,59,0
Masked PPO,500,550,48.5,29,29,0
Masked DQN,1,910,75.0,38,38,0
Masked DQN,2,680,78.0,53,53,0
Masked DQN,3,220,28.0,23,23,0
Masked DQN,4,130,22.5,23,23,0
Masked DQN,5,360,35.5,26,26,0
Masked DQN,6,760,91.5,64,64,0
Masked DQN,7,10,3.5,11,11,0
Masked DQN,8,380,51.0,41,41,0
Masked DQN,9,340,42.0,35,35,0
Masked DQN,10,770,97.0,68,68,0
Masked DQN,11,40,8.5,14,14,0
Masked DQN,12,260,35.0,29,29,0
Masked DQN,13,940,87.5,50,50,0
Masked DQN,14,70,12.5,17,17,0
Masked DQN,15,990,87.5,47,47,0
Masked DQN,16,650,79.0,59,59,0
Masked DQN,17,90,16.0,20,20,0
Masked DQN,18,340,49.0,41,41,0
Masked DQN,19,980,105.0,65,65,0
Masked DQN,20,850,104.5,71,71,0
Masked DQN,21,590,65.0,44,44,0
Masked DQN,22,290,35.5,29,29,0
Masked DQN,23,160,17.0,20,20,0
Masked DQN,24,50,13.0,20,20,0
Masked DQN,25,1360,116.5,56,56,0
Masked DQN,26,70,12.5,17,17,0
Masked DQN,27,650,83.5,59,59,0
Masked DQN,28,980,101.0,59,59,0
Masked DQN,29,230,30.0,26,26,0
Masked DQN,30,550,49.5,29,29,0
Masked DQN,31,170,26.0,26,26,0
Masked DQN,32,90,13.5,17,17,0
Masked DQN,33,90,15.5,19,19,0
Masked DQN,34,110,16.5,17,17,0
Masked DQN,35,150,19.0,20,20,0
Masked DQN,36,240,25.0,23,23,0
Masked DQN,37,880,97.5,62,62,0
Masked DQN,38,390,49.0,38,38,0
Masked DQN,39,150,22.5,23,23,0
Masked DQN,40,970,92.0,52,52,0
Masked DQN,41,70,15.0,20,20,0
Masked DQN,42,490,63.0,50,50,0
Masked DQN,43,310,34.0,26,26,0
Masked DQN,44,150,19.0,20,20,0
Masked DQN,45,600,60.5,38,38,0
Masked DQN,46,30,6.5,13,13,0
Masked DQN,47,830,111.0,82,82,0
Masked DQN,48,610,64.5,41,41,0
Masked DQN,49,990,92.5,53,53,0
Masked DQN,50,320,46.5,38,38,0
Masked DQN,51,370,44.5,35,35,0
Masked DQN,52,280,32.5,26,26,0
Masked DQN,53,230,37.5,35,35,0
Masked DQN,54,20,6.0,13,13,0
Masked DQN,55,610,55.0,32,32,0
Masked DQN,56,190,32.0,32,32,0
Masked DQN,57,90,16.0,20,20,0
Masked DQN,58,210,33.0,32,32,0
Masked DQN,59,60,9.0,13,13,0
Masked DQN,60,80,15.5,20,20,0
Masked DQN,61,60,9.5,14,14,0
Masked DQN,62,980,87.0,47,47,0
Masked DQN,63,340,38.0,29,29,0
Masked DQN,64,500,63.0,47,47,0
Masked DQN,65,100,14.0,17,17,0
Masked DQN,66,490,66.0,50,50,0
Masked DQN,67,40,8.5,14,14,0
Masked DQN,68,140,28.5,32,32,0
Masked DQN,69,50,9.0,14,14,0
Masked DQN,70,60,12.0,17,17,0
Masked DQN,71,210,33.0,32,32,0
Masked DQN,72,910,71.0,32,32,0
Masked DQN,73,400,43.5,32,32,0
Masked DQN,74,60,7.0,14,14,0
Masked DQN,75,330,46.0,38,38,0
Masked DQN,76,810,100.0,68,68,0
Masked DQN,77,20,6.5,14,14,0
Masked DQN,78,670,74.0,50,50,0
Masked DQN,79,0,0.0,7,7,0
Masked DQN,80,280,29.0,23,23,0
Masked DQN,81,610,74.5,53,53,0
Masked DQN,82,40,10.0,17,17,0
Masked DQN,83,780,90.5,62,62,0
Masked DQN,84,110,20.0,22,22,0
Masked DQN,85,90,16.0,20,20,0
Masked DQN,86,340,39.0,32,32,0
Masked DQN,87,240,40.5,38,38,0
Masked DQN,88,110,17.0,20,20,0
Masked DQN,89,580,76.5,56,56,0
Masked DQN,90,720,79.0,53,53,0
Masked DQN,91,520,59.0,43,43,0
Masked DQN,92,780,74.5,44,44,0
Masked DQN,93,60,12.0,17,17,0
Masked DQN,94,210,35.5,35,35,0
Masked DQN,95,760,78.0,47,47,0
Masked DQN,96,10,3.5,11,11,0
Masked DQN,97,700,77.5,50,50,0
Masked DQN,98,1400,115.0,53,53,0
Masked DQN,99,30,6.5,13,13,0
Masked DQN,100,1140,104.5,56,56,0
Masked DQN,101,200,31.0,31,31,0
Masked DQN,102,70,13.5,20,20,0
Masked DQN,103,60,12.0,17,17,0
Masked DQN,104,0,2.0,11,11,0
Masked DQN,105,660,71.0,47,47,0
Masked DQN,106,1350,139.5,83,83,0
Masked DQN,107,140,22.0,23,23,0
Masked DQN,108,560,55.0,35,35,0
Masked DQN,109,260,35.0,29,29,0
Masked DQN,110,900,70.5,32,32,0
Masked DQN,111,110,19.0,22,22,0
Masked DQN,112,130,17.5,17,17,0
Masked DQN,113,300,33.5,26,26,0
Masked DQN,114,70,14.0,20,20,0
Masked DQN,115,440,45.0,29,29,0
Masked DQN,116,90,18.5,23,23,0
Masked DQN,117,500,56.5,38,38,0
Masked DQN,118,210,21.5,17,17,0
Masked DQN,119,60,11.5,16,16,0
Masked DQN,120,210,33.0,32,32,0
Masked DQN,121,150,21.0,20,20,0
Masked DQN,122,230,30.0,26,26,0
Masked DQN,123,710,86.5,59,59,0
Masked DQN,124,810,91.5,59,59,0
Masked DQN,125,290,30.5,23,23,0
Masked DQN,126,800,89.0,59,59,0
Masked DQN,127,840,93.0,59,59,0
Masked DQN,128,460,55.0,41,41,0
Masked DQN,129,150,21.5,23,23,0
Masked DQN,130,1270,106.5,53,53,0
Masked DQN,131,1680,148.0,77,77,0
Masked DQN,132,1040,115.0,71,71,0
Masked DQN,133,470,59.0,44,44,0
Masked DQN,134,370,44.5,35,35,0
Masked DQN,135,120,20.0,23,23,0
Masked DQN,136,530,66.5,47,47,0
Masked DQN,137,270,22.5,20,20,0
Masked DQN,138,360,38.0,29,29,0
Masked DQN,139,0,0.5,8,8,0
Masked DQN,140,1530,138.5,71,71,0
Masked DQN,141,70,12.5,17,17,0
Masked DQN,142,1030,131.5,89,89,0
Masked DQN,143,500,57.5,40,40,0
Masked DQN,144,230,27.5,23,23,0
Masked DQN,145,500,61.5,44,44,0
Masked DQN,146,20,7.5,16,16,0
Masked DQN,147,490,50.0,32,32,0
Masked DQN,148,260,31.5,26,26,0
Masked DQN,149,60,8.0,11,11,0
Masked DQN,150,550,57.5,37,37,0
Masked DQN,151,10,2.0,11,11,0
Masked DQN,152,330,40.5,32,32,0
Masked DQN,153,390,50.0,41,41,0
Masked DQN,154,150,21.5,23,23,0
Masked DQN,155,180,24.0,23,23,0
Masked DQN,156,30,8.5,17,17,0
Masked DQN,157,500,61.5,44,44,0
Masked DQN,158,660,82.0,59,59,0
Masked DQN,159,100,9.5,14,14,0
Masked DQN,160,90,18.5,23,23,0
Masked DQN,161,80,14.0,17,17,0
Masked DQN,162,50,10.0,14,14,0
Masked DQN,163,0,0.5,8,8,0
Masked DQN,164,1150,113.5,65,65,0
Masked DQN,165,410,55.0,44,44,0
Masked DQN,166,430,47.0,35,35,0
Masked DQN,167,300,33.5,26,26,0
Masked DQN,168,450,54.0,40,40,0
Masked DQN,169,260,31.5,26,26,0
Masked DQN,170,130,21.5,23,23,0
Masked DQN,171,440,42.0,29,29,0
Masked DQN,172,560,65.5,44,44,0
Masked DQN,173,900,98.5,65,65,0
Masked DQN,174,350,51.0,44,44,0
Masked DQN,175,90,16.0,20,20,0
Masked DQN,176,820,88.5,56,56,0
Masked DQN,177,110,19.0,20,20,0
Masked DQN,178,720,83.5,56,56,0
Masked DQN,179,10,3.5,11,11,0
Masked DQN,180,690,68.5,41,41,0
Masked DQN,181,50,9.5,16,16,0
Masked DQN,182,140,26.0,29,29,0
Masked DQN,183,670,86.0,62,62,0
Masked DQN,184,1200,90.5,38,38,0
Masked DQN,185,610,69.5,47,47,0
Masked DQN,186,510,71.0,56,56,0
Masked DQN,187,170,23.5,23,23,0
Masked DQN,188,960,114.0,77,77,0
Masked DQN,189,200,26.0,23,23,0
Masked DQN,190,80,14.0,17,17,0
Masked DQN,191,680,72.0,47,47,0
Masked DQN,192,180,22.5,20,20,0
Masked DQN,193,120,17.0,17,17,0
Masked DQN,194,140,24.5,26,26,0
Masked DQN,195,480,63.5,50,50,0
Masked DQN,196,80,18.0,23,23,0
Masked DQN,197,40,7.0,14,14,0
Masked DQN,198,610,73.0,50,50,0
Masked DQN,199,480,57.0,41,41,0
Masked DQN,200,530,74.0,56,56,0
Masked DQN,201,0,0.5,8,8,0
Masked DQN,202,750,85.0,58,58,0
Masked DQN,203,60,11.0,17,17,0
Masked DQN,204,260,38.0,35,35,0
Masked DQN,205,1040,106.0,65,65,0
Masked DQN,206,490,51.0,32,32,0
Masked DQN,207,50,13.0,20,20,0
Masked DQN,208,900,94.0,59,59,0
Masked DQN,209,10,2.0,8,8,0
Masked DQN,210,0,1.5,10,10,0
Masked DQN,211,1410,131.5,67,67,0
Masked DQN,212,100,19.0,23,23,0
Masked DQN,213,40,12.5,20,20,0
Masked DQN,214,380,46.0,35,35,0
Masked DQN,215,30,5.5,11,11,0
Masked DQN,216,10,3.5,11,11,0
Masked DQN,217,60,10.5,14,14,0
Masked DQN,218,410,46.5,35,35,0
Masked DQN,219,1230,121.5,67,67,0
Masked DQN,220,0,0.5,8,8,0
Masked DQN,221,150,24.0,26,26,0
Masked DQN,222,510,63.5,47,47,0
Masked DQN,223,90,14.0,16,16,0
Masked DQN,224,660,70.5,44,44,0
Masked DQN,225,380,51.0,41,41,0
Masked DQN,226,1490,145.0,80,80,0
Masked DQN,227,130,17.0,20,20,0
Masked DQN,228,1120,126.5,80,80,0
Masked DQN,229,1260,123.5,68,68,0
Masked DQN,230,170,23.5,23,23,0
Masked DQN,231,870,83.0,50,50,0
Masked DQN,232,30,6.5,14,14,0
Masked DQN,233,550,53.5,35,35,0
Masked DQN,234,240,28.5,28,28,0
Masked DQN,235,210,29.0,28,28,0
Masked DQN,236,1140,102.0,53,53,0
Masked DQN,237,490,60.0,47,47,0
Masked DQN,238,30,6.5,11,11,0
Masked DQN,239,1110,101.5,55,55,0
Masked DQN,240,590,70.0,50,50,0
Masked DQN,241,120,20.0,23,23,0
Masked DQN,242,830,88.0,56,56,0
Masked DQN,243,960,90.5,50,50,0
Masked DQN,244,40,8.0,17,17,0
Masked DQN,245,460,53.5,38,38,0
Masked DQN,246,10,3.5,11,11,0
Masked DQN,247,360,41.5,32,32,0
Masked DQN,248,340,39.0,29,29,0
Masked DQN,249,40,7.0,14,14,0
Masked DQN,250,290,39.0,32,32,0
Masked DQN,251,60,13.5,20,20,0
Masked DQN,252,240,35.5,32,32,0
Masked DQN,253,50,7.5,11,11,0
Masked DQN,254,200,32.5,32,32,0
Masked DQN,255,60,11.0,17,17,0
Masked DQN,256,60,11.0,17,17,0
Masked DQN,257,370,47.0,38,38,0
Masked DQN,258,1620,156.5,82,82,0
Masked DQN,259,250,32.5,29,29,0
Masked DQN,260,40,7.0,14,14,0
Masked DQN,261,290,38.0,32,32,0
Masked DQN,262,1300,111.5,56,56,0
Masked DQN,263,880,88.0,53,53,0
Masked DQN,264,190,31.5,29,29,0
Masked DQN,265,140,22.0,23,23,0
Masked DQN,266,450,55.0,38,38,0
Masked DQN,267,310,39.0,32,32,0
Masked DQN,268,420,47.5,34,34,0
Masked DQN,269,170,22.0,20,20,0
Masked DQN,270,640,81.0,59,59,0
Masked DQN,271,30,8.0,14,14,0
Masked DQN,272,540,71.0,53,53,0
Masked DQN,273,360,50.0,41,41,0
Masked DQN,274,10,2.0,8,8,0
Masked DQN,275,130,20.5,23,23,0
Masked DQN,276,20,6.5,14,14,0
Masked DQN,277,100,15.5,20,20,0
Masked DQN,278,510,51.0,32,32,0
Masked DQN,279,80,15.5,20,20,0
Masked DQN,280,80,14.0,17,17,0
Masked DQN,281,200,22.5,20,20,0
Masked DQN,282,0,0.5,8,8,0
Masked DQN,283,10,3.5,11,11,0
Masked DQN,284,350,43.5,35,35,0
Masked DQN,285,30,5.5,11,11,0
Masked DQN,286,1740,128.5,50,50,0
Masked DQN,287,1040,81.0,35,35,0
Masked DQN,288,320,48.0,41,41,0
Masked DQN,289,350,33.5,23,23,0
Masked DQN,290,640,77.0,53,53,0
Masked DQN,291,210,33.0,32,32,0
Masked DQN,292,200,24.0,23,23,0
Masked DQN,293,760,71.0,41,41,0
Masked DQN,294,560,54.5,38,38,0
Masked DQN,295,250,33.0,28,28,0
Masked DQN,296,250,35.5,31,31,0
Masked DQN,297,110,17.0,20,20,0
Masked DQN,298,740,71.0,44,44,0
Masked DQN,299,380,43.0,35,35,0
Masked DQN,300,960,106.0,67,67,0
Masked DQN,301,160,20.0,23,23,0
Masked DQN,302,1460,163.5,103,103,0
Masked DQN,303,390,40.0,26,26,0
Masked DQN,304,0,0.5,8,8,0
Masked DQN,305,450,65.5,55,55,0
Masked DQN,306,690,79.5,55,55,0
Masked DQN,307,60,8.5,14,14,0
Masked DQN,308,990,107.0,68,68,0
Masked DQN,309,10,3.5,11,11,0
Masked DQN,310,400,51.0,41,41,0
Masked DQN,311,30,7.0,14,14,0
Masked DQN,312,500,54.5,40,40,0
Masked DQN,313,10,3.5,11,11,0
Masked DQN,314,1260,122.0,68,68,0
Masked DQN,315,160,24.0,23,23,0
Masked DQN,316,180,34.0,35,35,0
Masked DQN,317,720,81.5,56,56,0
Masked DQN,318,820,93.5,62,62,0
Masked DQN,319,120,22.0,23,23,0
Masked DQN,320,230,35.0,32,32,0
Masked DQN,321,580,67.0,47,47,0
Masked DQN,322,70,12.5,17,17,0
Masked DQN,323,40,10.0,17,17,0
Masked DQN,324,2060,153.0,59,59,0
Masked DQN,325,170,26.5,28,28,0
Masked DQN,326,1190,140.5,91,91,0
Masked DQN,327,210,24.0,23,23,0
Masked DQN,328,100,20.0,23,23,0
Masked DQN,329,600,49.5,32,32,0
Masked DQN,330,100,14.0,17,17,0
Masked DQN,331,30,3.5,11,11,0
Masked DQN,332,450,53.0,38,38,0
Masked DQN,333,540,67.0,47,47,0
Masked DQN,334,10,3.5,11,11,0
Masked DQN,335,1510,136.5,71,71,0
Masked DQN,336,390,40.5,29,29,0
Masked DQN,337,270,40.5,35,35,0
Masked DQN,338,310,36.5,29,29,0
Masked DQN,339,10,2.0,11,11,0
Masked DQN,340,160,23.0,23,23,0
Masked DQN,341,480,63.0,47,47,0
Masked DQN,342,430,59.5,49,49,0
Masked DQN,343,500,53.5,38,38,0
Masked DQN,344,160,17.0,20,20,0
Masked DQN,345,540,66.0,47,47,0
Masked DQN,346,10,3.5,11,11,0
Masked DQN,347,90,16.0,20,20,0
Masked DQN,348,10,3.5,11,11,0
Masked DQN,349,220,38.0,37,37,0
Masked DQN,350,1320,157.0,101,101,0
Masked DQN,351,140,23.5,26,26,0
Masked DQN,352,1640,127.0,55,55,0
Masked DQN,353,460,57.5,44,44,0
Masked DQN,354,160,22.5,20,20,0
Masked DQN,355,60,12.0,17,17,0
Masked DQN,356,440,52.5,41,41,0
Masked DQN,357,40,8.5,14,14,0
Masked DQN,358,770,82.5,53,53,0
Masked DQN,359,470,59.0,44,44,0
Masked DQN,360,40,10.0,17,17,0
Masked DQN,361,1180,96.5,44,44,0
Masked DQN,362,20,6.5,14,14,0
Masked DQN,363,20,6.5,14,14,0
Masked DQN,364,150,27.0,31,31,0
Masked DQN,365,110,18.0,20,20,0
Masked DQN,366,310,37.5,32,32,0
Masked DQN,367,660,68.5,44,44,0
Masked DQN,368,410,54.5,43,43,0
Masked DQN,369,80,18.0,23,23,0
Masked DQN,370,130,25.0,28,28,0
Masked DQN,371,310,35.0,28,28,0
Masked DQN,372,130,20.5,23,23,0
Masked DQN,373,200,28.5,26,26,0
Masked DQN,374,390,56.0,44,44,0
Masked DQN,375,60,10.5,16,16,0
Masked DQN,376,770,76.0,49,49,0
Masked DQN,377,470,59.0,44,44,0
Masked DQN,378,180,28.5,28,28,0
Masked DQN,379,830,73.5,41,41,0
Masked DQN,380,360,44.0,35,35,0
Masked DQN,381,220,33.0,31,31,0
Masked DQN,382,1950,183.0,94,94,0
Masked DQN,383,840,79.5,44,44,0
Masked DQN,384,580,64.5,44,44,0
Masked DQN,385,90,13.5,17,17,0
Masked DQN,386,30,5.5,11,11,0
Masked DQN,387,10,3.5,11,11,0
Masked DQN,388,350,39.5,29,29,0
Masked DQN,389,100,19.0,23,23,0
Masked DQN,390,170,30.0,32,32,0
Masked DQN,391,1300,116.0,59,59,0
Masked DQN,392,290,34.0,28,28,0
Masked DQN,393,300,44.5,38,38,0
Masked DQN,394,90,13.0,14,14,0
Masked DQN,395,40,8.5,14,14,0
Masked DQN,396,780,96.5,68,68,0
Masked DQN,397,380,47.5,38,38,0
Masked DQN,398,50,10.0,14,14,0
Masked DQN,399,100,14.0,17,17,0
Masked DQN,400,40,10.0,17,17,0
Masked DQN,401,130,20.5,23,23,0
Masked DQN,402,80,12.5,17,17,0
Masked DQN,403,270,35.5,29,29,0
Masked DQN,404,540,56.5,41,41,0
Masked DQN,405,810,82.0,50,50,0
Masked DQN,406,100,17.5,20,20,0
Masked DQN,407,610,58.5,37,37,0
Masked DQN,408,90,16.0,20,20,0
Masked DQN,409,150,17.5,17,17,0
Masked DQN,410,220,27.0,23,23,0
Masked DQN,411,180,25.5,26,26,0
Masked DQN,412,350,41.0,32,32,0
Masked DQN,413,410,53.0,41,41,0
Masked DQN,414,100,20.5,26,26,0
Masked DQN,415,1130,122.0,74,74,0
Masked DQN,416,590,76.0,56,56,0
Masked DQN,417,30,7.0,14,14,0
Masked DQN,418,210,31.5,29,29,0
Masked DQN,419,10,3.5,11,11,0
Masked DQN,420,200,26.0,23,23,0
Masked DQN,421,790,81.0,50,50,0
Masked DQN,422,330,50.5,41,41,0
Masked DQN,423,70,14.0,20,20,0
Masked DQN,424,160,20.5,20,20,0
Masked DQN,425,1050,106.0,62,62,0
Masked DQN,426,70,15.0,20,20,0
Masked DQN,427,680,81.5,56,56,0
Masked DQN,428,930,94.5,59,59,0
Masked DQN,429,230,36.5,35,35,0
Masked DQN,430,700,80.0,53,53,0
Masked DQN,431,2260,190.5,86,86,0
Masked DQN,432,10,3.5,11,11,0
Masked DQN,433,210,34.0,32,32,0
Masked DQN,434,140,18.5,20,20,0
Masked DQN,435,30,6.5,14,14,0
Masked DQN,436,850,101.0,68,68,0
Masked DQN,437,190,23.5,26,26,0
Masked DQN,438,820,92.0,61,61,0
Masked DQN,439,540,49.0,29,29,0
Masked DQN,440,780,62.0,29,29,0
Masked DQN,441,920,98.5,62,62,0
Masked DQN,442,50,7.5,11,11,0
Masked DQN,443,130,18.5,20,20,0
Masked DQN,444,890,82.5,47,47,0
Masked DQN,445,150,27.5,29,29,0
Masked DQN,446,710,80.0,56,56,0
Masked DQN,447,320,42.0,35,35,0
Masked DQN,448,220,33.5,32,32,0
Masked DQN,449,160,28.0,29,29,0
Masked DQN,450,830,102.5,71,71,0
Masked DQN,451,350,45.5,35,35,0
Masked DQN,452,360,36.5,26,26,0
Masked DQN,453,340,44.0,35,35,0
Masked DQN,454,870,94.5,61,61,0
Masked DQN,455,870,97.0,64,64,0
Masked DQN,456,90,13.5,17,17,0
Masked DQN,457,360,45.0,35,35,0
Masked DQN,458,70,12.0,16,16,0
Masked DQN,459,1210,121.5,71,71,0
Masked DQN,460,70,16.0,22,22,0
Masked DQN,461,1040,120.0,77,77,0
Masked DQN,462,810,81.0,50,50,0
Masked DQN,463,740,90.0,65,65,0
Masked DQN,464,2100,199.0,107,107,0
Masked DQN,465,1050,80.5,35,35,0
Masked DQN,466,320,39.5,34,34,0
Masked DQN,467,180,24.5,26,26,0
Masked DQN,468,510,66.0,50,50,0
Masked DQN,469,450,61.0,46,46,0
Masked DQN,470,380,47.0,38,38,0
Masked DQN,471,540,68.5,50,50,0
Masked DQN,472,540,60.5,44,44,0
Masked DQN,473,10,4.5,13,13,0
Masked DQN,474,1690,159.5,86,86,0
Masked DQN,475,420,45.5,32,32,0
Masked DQN,476,50,13.0,20,20,0
Masked DQN,477,10,3.5,11,11,0
Masked DQN,478,30,8.0,14,14,0
Masked DQN,479,900,89.5,52,52,0
Masked DQN,480,550,47.0,26,26,0
Masked DQN,481,510,52.5,35,35,0
Masked DQN,482,30,9.5,17,17,0
Masked DQN,483,1140,145.0,103,103,0
Masked DQN,484,430,51.0,38,38,0
Masked DQN,485,70,12.5,17,17,0
Masked DQN,486,90,19.5,25,25,0
Masked DQN,487,120,17.0,17,17,0
Masked DQN,488,10,2.0,8,8,0
Masked DQN,489,30,5.5,11,11,0
Masked DQN,490,60,12.0,17,17,0
Masked DQN,491,870,102.0,70,70,0
Masked DQN,492,460,46.5,32,32,0
Masked DQN,493,1030,101.5,59,59,0
Masked DQN,494,270,37.0,32,32,0
Masked DQN,495,230,36.0,34,34,0
Masked DQN,496,580,58.0,38,38,0
Masked DQN,497,440,38.5,23,23,0
Masked DQN,498,1760,167.0,89,89,0
Masked DQN,499,190,30.5,29,29,0
Masked DQN,500,170,26.0,26,26,0
